bin_lo,bin_hi,bin_mid,r2_Alsum18-2023,r2_Alsum59-2023,r2_Arlington-2023,r2_C5-2023,r2_C44-L15-2023,r2_Aartz-2023,r2_XMASBig-2023,r2_GarrisonNE-2023,r2_H10-2023,r2_H15-2023,r2_H41-2023,r2_H66-2023,r2_Du-2023,r2_OkrayGrosheks40-2023,r2_LaszSE-O14-2023,r2_BrikalskiPats-2023,r2_DaveBrilowski-2023,r2_Wysocki1129-2023,r2_Wedekind_3-2023,r2_Airport04-2023,n_Alsum18-2023,n_Alsum59-2023,n_Arlington-2023,n_C5-2023,n_C44-L15-2023,n_Aartz-2023,n_XMASBig-2023,n_GarrisonNE-2023,n_H10-2023,n_H15-2023,n_H41-2023,n_H66-2023,n_Du-2023,n_OkrayGrosheks40-2023,n_LaszSE-O14-2023,n_BrikalskiPats-2023,n_DaveBrilowski-2023,n_Wysocki1129-2023,n_Wedekind_3-2023,n_Airport04-2023
1,2,1.41421,0.40673,0.37785,0.390289,0.37822,0.380616,0.447526,0.445252,0.388074,0.394477,0.394273,0.462915,0.442189,0.382219,0.370227,0.44013,0.378618,0.377816,0.382577,0.38348,0.392279,186925,213201,202102,211262,209831,157527,160314,204778,196933,196781,139138,138958,220047,221069,164630,214704,215959,210510,206669,195299
2,3,2.44949,0.349009,0.322121,0.333676,0.322184,0.324686,0.387726,0.387526,0.329664,0.335671,0.337548,0.40369,0.380259,0.324219,0.313725,0.383872,0.321931,0.320564,0.324868,0.325729,0.333043,161026,184708,174940,183471,182299,134402,137156,177377,169391,170066,116884,117223,190707,191857,141923,186588,187444,182624,179162,167515
3,6,4.24264,0.317959,0.293395,0.302403,0.291964,0.295258,0.358331,0.358032,0.30129,0.304691,0.30708,0.370687,0.345461,0.294429,0.284547,0.353398,0.292945,0.293679,0.295942,0.297886,0.302952,470165,543740,511980,538538,534736,391200,399819,518015,496908,497996,340067,340283,557706,564769,414226,547935,549451,535906,523988,490803
6,10,7.74597,0.302153,0.279066,0.288279,0.277084,0.279576,0.342684,0.341878,0.285023,0.289732,0.292166,0.355502,0.327465,0.278646,0.269986,0.337517,0.278025,0.278189,0.280608,0.282946,0.287297,626197,723621,680454,715824,711941,519471,532198,688946,659107,662306,450928,450577,741567,752886,548961,728310,730593,713915,697788,650719
10,18,13.4164,0.287869,0.264835,0.274396,0.26377,0.267116,0.327673,0.327717,0.27225,0.276141,0.279155,0.34281,0.311108,0.265329,0.256161,0.323269,0.265191,0.264417,0.267432,0.268517,0.273642,1229113,1424525,1338605,1408127,1400234,1018641,1043067,1356313,1298170,1302094,885870,884259,1458412,1481248,1079376,1434607,1438469,1402770,1372507,1281167
18,32,24,0.268672,0.247026,0.256597,0.246158,0.249004,0.308935,0.308919,0.254105,0.258013,0.261035,0.325106,0.289145,0.247606,0.238636,0.304287,0.247126,0.247114,0.249758,0.250752,0.256846,2113101,2449734,2302692,2424024,2409927,1752632,1787250,2333754,2230982,2242061,1523320,1518439,2506933,2548706,1848637,2466333,2471635,2412524,2363227,2207153
32,56,42.332,0.242462,0.223231,0.232402,0.222633,0.225786,0.283212,0.282292,0.230218,0.234026,0.237111,0.301541,0.258134,0.224217,0.21457,0.2778,0.223295,0.222947,0.22614,0.226886,0.233652,3534132,4089870,3851957,4055162,4028288,2924886,2975107,3904652,3736711,3745877,2552337,2539554,4193813,4257567,3077426,4119567,4128620,4032528,3943501,3697651
56,100,74.8331,0.212016,0.196723,0.204898,0.195657,0.198761,0.253777,0.251877,0.202953,0.206843,0.209626,0.273853,0.222137,0.198899,0.187931,0.247334,0.196687,0.196258,0.199443,0.200032,0.207747,6245238,7205368,6804648,7151426,7093564,5156696,5223655,6895786,6616489,6600059,4542967,4480475,7425037,7477317,5395028,7253970,7268214,7104067,6943968,6565399
100,178,133.417,0.180633,0.170866,0.178335,0.169294,0.172449,0.223484,0.221057,0.175745,0.179624,0.182202,0.245718,0.184682,0.176147,0.161926,0.217223,0.170549,0.170212,0.173105,0.172503,0.182222,10500179,12013174,11448630,11970796,11846776,8645385,8674436,11578385,11183803,11053122,7768817,7540852,12588723,12425563,8943243,12114544,12116807,11858361,11582010,11171462
178,316,237.167,0.151609,0.148382,0.154557,0.146344,0.1495,0.196508,0.194345,0.152244,0.155192,0.158957,0.219655,0.15185,0.155986,0.140539,0.191153,0.148121,0.147913,0.150273,0.148799,0.158459,17273727,19651472,18891950,19673992,19420736,14244944,14170267,19167478,18557944,18252496,13121667,12481791,20955403,20319164,14575223,19856459,19829833,19437142,18973890,18676865
316,562,421.417,0.129963,0.130896,0.135239,0.128619,0.131521,0.175629,0.173322,0.133508,0.135364,0.140194,0.195082,0.124824,0.137649,0.124255,0.171405,0.130634,0.130695,0.132211,0.130602,0.137348,29151524,33200755,31874465,33264692,32851697,24055218,23937812,32555802,31333256,31019015,22361132,21194916,35397120,34460758,24608742,33610886,33549714,32851165,32116435,31541562
562,1000,749.667,0.115101,0.117034,0.119936,0.114497,0.117317,0.158979,0.157125,0.118458,0.11987,0.124812,0.173818,0.103706,0.122343,0.111529,0.155563,0.116529,0.116683,0.118014,0.116468,0.121161,50030649,56964527,54658204,57165753,56354267,41227887,41051996,55806912,53711757,53251470,38272582,36348269,60663375,59197373,42221608,57701579,57633865,56418135,55153392,54007244
1000,1778,1333.42,0.104414,0.106152,0.10792,0.103772,0.106262,0.146465,0.144375,0.106919,0.108292,0.112776,0.157474,0.0878878,0.110076,0.101702,0.143194,0.105543,0.10566,0.106874,0.105948,0.108863,85930822,97857493,93848792,98214885,96843461,70629677,70388951,95891348,92199162,91399762,65490791,62250475,104244991,101794399,72384345,99230140,99040720,96937896,94816718,92724298
1778,3162,2371.08,0.0968716,0.0978402,0.099172,0.0957651,0.0977235,0.13715,0.135167,0.0982948,0.0996177,0.10354,0.144544,0.0762161,0.100705,0.094442,0.134042,0.0973742,0.0975888,0.0983939,0.0979403,0.0996956,148369625,169228111,162011149,169782406,167312781,121865982,121487788,165655569,159197055,157877259,112837624,107410300,180168507,176030897,124900157,171353777,171146890,167450155,163954369,160132484
3162,5623,4216.62,0.0919216,0.0918463,0.0926147,0.0901263,0.0917657,0.130067,0.128444,0.0921348,0.0931335,0.0964813,0.134015,0.0677906,0.0932335,0.0890977,0.126944,0.0914255,0.0915282,0.092085,0.0920901,0.0928873,259151754,295825871,282919866,296432009,292583285,212688228,212159870,289549504,277905711,275766124,196504189,187173085,314374260,307478742,217912273,299291029,299329001,292499724,286774068,279441053
5623,10000,7498.67,0.0887643,0.0880364,0.0883971,0.0866924,0.0878478,0.126046,0.124617,0.0881534,0.0888018,0.0918637,0.12614,0.0626048,0.0880663,0.0859585,0.122744,0.0875707,0.0876427,0.0880346,0.0884363,0.0882981,454109162,518591918,496406122,520196854,512993788,372630784,371578156,507677010,487907033,482918151,343754037,328082171,551308368,539462318,382354173,525068367,525075842,513514120,502820728,490090889
10000,17783,13335.3,0.0871799,0.0857004,0.0861842,0.0844811,0.0858103,0.123403,0.122943,0.0860217,0.0863076,0.0894744,0.121796,0.0599435,0.0850102,0.0839472,0.120592,0.0852141,0.0855785,0.0859332,0.0862225,0.0859002,1378769,1574628,1508010,1580021,1556636,1131649,1126053,1541840,1480766,1465830,1040673,995097,1673702,1638341,1160952,1594721,1594616,1559458,1528471,1487589
17783,31623,23714,0.0862064,0.0847171,0.0848399,0.0835374,0.0845168,0.12232,0.121215,0.084651,0.085101,0.0879956,0.118753,0.0580595,0.0835219,0.0831691,0.119548,0.0841498,0.0848025,0.0846841,0.0848456,0.0840851,2254575,2572168,2464171,2580775,2546812,1848483,1840064,2520908,2417923,2397691,1700824,1626717,2735103,2676285,1897046,2604537,2604723,2546975,2497453,2429271
31623,56234,42169.7,0.0854706,0.0837463,0.0841193,0.0828827,0.0839729,0.121142,0.120048,0.0840683,0.0841307,0.0868039,0.117077,0.0572533,0.0826807,0.0823566,0.118726,0.0831601,0.0835197,0.0838297,0.0841774,0.0833636,3982498,4546285,4349902,4564414,4502802,3268749,3257272,4459735,4273576,4239258,3009214,2873722,4838108,4733589,3354773,4599337,4603457,4505634,4412855,4295298
56234,100000,74989.3,0.0850833,0.0830832,0.0834017,0.0821145,0.0830734,0.119934,0.119175,0.0832546,0.0833593,0.0860113,0.115931,0.056096,0.0819337,0.0813732,0.117686,0.0825784,0.0828081,0.0829863,0.0836472,0.082671,7032915,8038066,7680166,8057369,7951818,5772390,5756827,7880965,7553475,7494985,5317378,5079799,8543789,8365188,5930985,8134904,8134373,7961090,7800984,7589394
100000,177828,133352,0.0841896,0.0823604,0.0823226,0.0813175,0.0824088,0.118625,0.118067,0.0821369,0.0822501,0.085098,0.114771,0.0549972,0.0810331,0.0807631,0.116692,0.0815498,0.0818947,0.0822453,0.0828599,0.0816002,12439386,14211221,13564293,14240238,14075606,10191532,10184541,13941595,13357198,13251703,9385027,8978325,15095214,14794541,10485406,14383048,14376491,14074396,13780897,13427996
177828,316228,237137,0.083708,0.0813183,0.0813863,0.0803895,0.0815028,0.117557,0.116874,0.081198,0.0812405,0.0840187,0.113758,0.0538174,0.0800575,0.0799899,0.115638,0.0807446,0.0810399,0.0812083,0.082072,0.0808481,21935404,25069405,23908679,25111842,24820967,17974494,17964020,24581967,23543798,23369861,16534299,15828451,26618513,26096947,18499325,25363370,25366912,24825423,24291118,23672702
316228,562341,421697,0.0831083,0.0805334,0.0805092,0.0799287,0.0806449,0.116498,0.115699,0.0804717,0.0804663,0.0832964,0.112424,0.0526427,0.0789415,0.079364,0.114862,0.079757,0.080332,0.080309,0.0813016,0.0801284,38563777,44083201,41978630,44136862,43593848,31601007,31583619,43215282,41389871,41101623,28997851,27818431,46716042,45886281,32498166,44617775,44604544,43663287,42672246,41567329
562341,1000000,749894,0.0825801,0.0797912,0.0797308,0.079527,0.0799431,0.115767,0.114913,0.0798608,0.0798956,0.0822452,0.111203,0.051695,0.0783138,0.0789024,0.114283,0.0792243,0.0798545,0.0795594,0.0806069,0.0795932,67334862,76959024,73155414,77140856,75938490,55158685,55134977,75393177,72180011,71759539,50535941,48561135,81469927,80097116,56749217,77899931,77927232,76180436,74412986,72607971
