sample_id,year,site,e
S9,2015,Alsum25-2015,0.164345
S10,2015,Alsum25-2015,-0.096838
S11,2015,Alsum25-2015,0.261226
S12,2015,Alsum25-2015,0.244473
S13,2015,Alsum25-2015,0.276695
S14,2015,Alsum25-2015,0.224411
S15,2015,Alsum25-2015,0.268158
S16,2015,Alsum25-2015,0.236605
S17,2015,Alsum25-2015,0.249919
S18,2015,Alsum25-2015,0.227276
S19,2015,Alsum25-2015,0.227827
S37,2015,Alsum140-2015,0.273289
S38,2015,Alsum140-2015,0.300550
S39,2015,Alsum140-2015,0.261583
S40,2015,Alsum140-2015,0.224055
S41,2015,Alsum140-2015,0.314299
S42,2015,Alsum140-2015,0.321900
S43,2015,Alsum140-2015,0.306575
S53,2015,Arlington-2015,0.219620
S54,2015,Arlington-2015,0.223586
S55,2015,Arlington-2015,0.247214
S56,2015,Arlington-2015,0.242696
S74,2015,Arlington2015,0.196904
S75,2015,Arlington2015,0.234108
S85,2015,C5-2015,0.311576
S86,2015,C5-2015,0.242952
S87,2015,C5-2015,0.260444
S88,2015,C5-2015,0.216272
S89,2015,C5-2015,0.251292
S90,2015,C5-2015,0.228456
S91,2015,C5-2015,0.234232
S117,2015,C44-L15-2015,0.250165
S118,2015,C44-L15-2015,0.169345
S119,2015,C44-L15-2015,0.207802
S120,2015,C44-L15-2015,0.207224
S121,2015,C44-L15-2015,0.236403
S122,2015,C44-L15-2015,0.202239
S123,2015,C44-L15-2015,0.240353
S151,2015,GarrisonNE-2015,0.223047
S152,2015,GarrisonNE-2015,0.192729
S153,2015,GarrisonNE-2015,0.202992
S154,2015,GarrisonNE-2015,0.253866
S155,2015,GarrisonNE-2015,0.260129
S156,2015,GarrisonNE-2015,0.257769
S157,2015,GarrisonNE-2015,0.276869
S175,2015,Mortensen9-2015,0.301000
S176,2015,Mortensen9-2015,0.248611
S177,2015,Mortensen9-2015,0.367148
S178,2015,Mortensen9-2015,0.298523
S179,2015,Mortensen9-2015,0.261026
S181,2015,H10-2015,0.234419
S182,2015,H10-2015,0.339908
S183,2015,H10-2015,0.273236
S192,2015,H10-2015,0.249689
S193,2015,H10-2015,0.257165
S194,2015,H10-2015,0.204994
S195,2015,H10-2015,0.211651
S197,2015,H15-2015,0.253066
S198,2015,H15-2015,0.229518
S199,2015,H15-2015,0.218644
S200,2015,H15-2015,0.235895
S201,2015,H15-2015,0.275081
S202,2015,H15-2015,0.245299
S203,2015,H15-2015,0.232797
S204,2015,H15-2015,0.189502
S214,2015,H41-2015,0.236873
S215,2015,H41-2015,0.206669
S216,2015,H41-2015,0.207102
S217,2015,H41-2015,0.269371
S226,2015,H41-2015,0.282118
S227,2015,H41-2015,0.254102
S228,2015,H41-2015,0.202810
S230,2015,H53-2015,0.251350
S231,2015,H53-2015,0.235444
S232,2015,H53-2015,0.255861
S233,2015,H53-2015,0.222545
S234,2015,H53-2015,0.229033
S235,2015,H53-2015,0.221447
S236,2015,H53-2015,0.283977
S237,2015,H53-2015,0.211553
S238,2015,H53-2015,0.220644
S239,2015,H53-2015,0.218159
S240,2015,H53-2015,0.228636
S241,2015,H53-2015,0.239378
S242,2015,H53-2015,0.261715
S243,2015,H53-2015,0.225546
S244,2015,H53-2015,0.258048
S245,2015,H53-2015,0.186360
S246,2015,H53-2015,0.250756
S247,2015,H53-2015,0.223897
S248,2015,H53-2015,0.240739
S262,2015,H67-2015,0.259710
S263,2015,H67-2015,0.260678
S265,2015,Refuge-2015,0.230046
S266,2015,Refuge-2015,0.241892
S267,2015,Refuge-2015,0.231449
S268,2015,Refuge-2015,0.264628
S269,2015,Refuge-2015,0.280147
S270,2015,Refuge-2015,0.243275
S271,2015,Refuge-2015,0.244378
S272,2015,Refuge-2015,0.225709
S274,2015,Hesler-2015,0.247579
S275,2015,Hesler-2015,0.247810
S276,2015,Hesler-2015,0.256021
S277,2015,Hesler-2015,0.230908
S278,2015,Hesler-2015,0.247665
S279,2015,Hesler-2015,0.277613
S280,2015,Hesler-2015,0.230039
S282,2015,SilverValley-2015,0.279590
S283,2015,SilverValley-2015,0.266639
S284,2015,SilverValley-2015,0.266130
S285,2015,SilverValley-2015,0.189527
S286,2015,SilverValley-2015,0.265274
S320,2015,PFEast-2015,0.267541
S321,2015,PFEast-2015,0.260785
S322,2015,PFEast-2015,0.277395
S323,2015,PFEast-2015,0.255498
S324,2015,PFEast-2015,0.254374
S325,2015,PFEast-2015,0.258435
S326,2015,PFEast-2015,0.257014
S334,2015,LaszSE-O14-2015,0.232012
S335,2015,LaszSE-O14-2015,0.225575
S336,2015,LaszSE-O14-2015,0.235132
S337,2015,LaszSE-O14-2015,0.224773
S338,2015,LaszSE-O14-2015,0.303071
S346,2015,Paramount257-2015,0.213620
S347,2015,Paramount257-2015,0.210223
S348,2015,Paramount257-2015,0.218126
S349,2015,Paramount257-2015,0.245754
S350,2015,Paramount257-2015,0.205934
S351,2015,Paramount257-2015,0.248972
S352,2015,Paramount257-2015,0.272634
S362,2015,BrilowskiHome-2015,0.232430
S363,2015,BrilowskiHome-2015,0.233373
S364,2015,BrilowskiHome-2015,0.230330
S365,2015,BrilowskiHome-2015,0.280140
S366,2015,BrilowskiHome-2015,0.225782
S367,2015,BrilowskiHome-2015,0.273981
S368,2015,BrilowskiHome-2015,0.233996
S394,2015,BrilowskiNE-2015,0.220919
S395,2015,BrilowskiNE-2015,0.277547
S396,2015,BrilowskiNE-2015,0.246920
S397,2015,BrilowskiNE-2015,0.259155
S398,2015,BrilowskiNE-2015,0.202045
S399,2015,BrilowskiNE-2015,0.251497
S400,2015,BrilowskiNE-2015,0.214320
S410,2015,Wysocki122-2015,0.271966
S411,2015,Wysocki122-2015,0.272663
S412,2015,Wysocki122-2015,0.229581
S413,2015,Wysocki122-2015,0.242709
S414,2015,Wysocki122-2015,0.236672
S415,2015,Wysocki122-2015,0.219680
S416,2015,Wysocki122-2015,0.254250
S434,2015,Paramount528-2015,0.268029
S435,2015,Paramount528-2015,0.240037
S436,2015,Paramount528-2015,0.229436
S437,2015,Paramount528-2015,0.195084
S438,2015,Paramount528-2015,0.161012
S439,2015,Paramount528-2015,0.195343
S440,2015,Paramount528-2015,0.193496
S466,2015,Paramount652-2015,0.231627
S467,2015,Paramount652-2015,0.277037
S468,2015,Paramount652-2015,0.264249
S469,2015,Paramount652-2015,0.202395
S470,2015,Paramount652-2015,0.225291
S471,2015,Paramount652-2015,0.209369
S472,2015,Paramount652-2015,0.266259
S1,2019,Alsum18-2019,0.269372
S2,2019,Alsum18-2019,0.274654
S3,2019,Alsum18-2019,0.208164
S4,2019,Alsum18-2019,0.222954
S5,2019,Alsum18-2019,0.241949
S6,2019,Alsum18-2019,0.244360
S7,2019,Alsum18-2019,0.236507
S29,2019,Alsum59-2019,0.260126
S30,2019,Alsum59-2019,0.281515
S31,2019,Alsum59-2019,0.283473
S32,2019,Alsum59-2019,0.456101
S33,2019,Alsum59-2019,0.245322
S34,2019,Alsum59-2019,0.251054
S35,2019,Alsum59-2019,0.217961
S66,2019,Arlington-2019,0.239955
S67,2019,Arlington-2019,0.236370
S68,2019,Arlington-2019,0.227264
S69,2019,Arlington-2019,0.294619
S70,2019,Arlington-2019,0.229228
S71,2019,Arlington-2019,0.233286
S72,2019,Arlington-2019,0.205600
S93,2019,ColomaBonus4-2019,0.308231
S94,2019,ColomaBonus4-2019,0.206807
S95,2019,ColomaBonus4-2019,0.233622
S96,2019,ColomaBonus4-2019,0.212013
S97,2019,ColomaBonus4-2019,0.286011
S98,2019,ColomaBonus4-2019,0.278633
S99,2019,ColomaBonus4-2019,0.273814
S101,2019,ColomaBonus-2019,0.264761
S102,2019,ColomaBonus-2019,0.284818
S103,2019,ColomaBonus-2019,0.218150
S104,2019,ColomaBonus-2019,0.179815
S105,2019,ColomaBonus-2019,0.226137
S106,2019,ColomaBonus-2019,0.260668
S107,2019,ColomaBonus-2019,0.233978
S125,2019,ColomaLyons-2019,0.203365
S126,2019,ColomaLyons-2019,0.220593
S127,2019,ColomaLyons-2019,0.250068
S128,2019,ColomaLyons-2019,0.253559
S129,2019,ColomaLyons-2019,0.240688
S130,2019,ColomaLyons-2019,0.258331
S131,2019,ColomaLyons-2019,0.262866
S139,2019,XMASBig-2019,0.242725
S140,2019,XMASBig-2019,0.224322
S141,2019,XMASBig-2019,0.233003
S142,2019,XMASBig-2019,0.231965
S143,2019,XMASBig-2019,0.267243
S159,2019,OkrayGarrisonNE-2019,0.260459
S160,2019,OkrayGarrisonNE-2019,0.267129
S161,2019,OkrayGarrisonNE-2019,0.257186
S162,2019,OkrayGarrisonNE-2019,0.228237
S163,2019,OkrayGarrisonNE-2019,0.234405
S164,2019,OkrayGarrisonNE-2019,0.235293
S165,2019,OkrayGarrisonNE-2019,0.245457
S296,2019,OkrayRobacks-2019,0.220745
S297,2019,OkrayRobacks-2019,0.247022
S298,2019,OkrayRobacks-2019,0.254218
S299,2019,OkrayRobacks-2019,0.234543
S300,2019,OkrayRobacks-2019,0.241767
S301,2019,OkrayRobacks-2019,0.207673
S302,2019,OkrayRobacks-2019,0.143710
S304,2019,OkrayGrosheks40-2019,0.264974
S305,2019,OkrayGrosheks40-2019,0.217592
S306,2019,OkrayGrosheks40-2019,-0.093534
S307,2019,OkrayGrosheks40-2019,0.266113
S308,2019,OkrayGrosheks40-2019,0.216381
S309,2019,OkrayGrosheks40-2019,0.254387
S310,2019,OkrayGrosheks40-2019,0.256079
S340,2019,OkrayPFWiper-2019,0.242715
S341,2019,OkrayPFWiper-2019,0.258026
S342,2019,OkrayPFWiper-2019,0.282969
S343,2019,OkrayPFWiper-2019,0.261618
S344,2019,OkrayPFWiper-2019,0.280341
S354,2019,PloverBrikalskiPats-2019,0.238343
S355,2019,PloverBrikalskiPats-2019,0.226181
S356,2019,PloverBrikalskiPats-2019,0.246454
S357,2019,PloverBrikalskiPats-2019,0.226239
S358,2019,PloverBrikalskiPats-2019,0.236498
S359,2019,PloverBrikalskiPats-2019,0.222618
S360,2019,PloverBrikalskiPats-2019,0.217229
S378,2019,PloverDaveBrSE-2019,0.239413
S379,2019,PloverDaveBrSE-2019,0.244110
S380,2019,PloverDaveBrSE-2019,0.248880
S381,2019,PloverDaveBrSE-2019,0.276160
S382,2019,PloverDaveBrSE-2019,0.248316
S383,2019,PloverDaveBrSE-2019,0.203984
S384,2019,PloverDaveBrSE-2019,0.192984
S402,2019,Wysocki1129-2019,0.254875
S403,2019,Wysocki1129-2019,0.250819
S404,2019,Wysocki1129-2019,0.207720
S405,2019,Wysocki1129-2019,0.226120
S406,2019,Wysocki1129-2019,0.220805
S407,2019,Wysocki1129-2019,0.229892
S408,2019,Wysocki1129-2019,0.229958
S426,2019,Wysocki438-2019,0.228557
S427,2019,Wysocki438-2019,0.241232
S428,2019,Wysocki438-2019,0.276804
S429,2019,Wysocki438-2019,0.239875
S430,2019,Wysocki438-2019,0.231818
S431,2019,Wysocki438-2019,0.256127
S432,2019,Wysocki438-2019,0.242552
S450,2019,Wysocki563-2019,0.248718
S451,2019,Wysocki563-2019,0.265572
S452,2019,Wysocki563-2019,0.212400
S453,2019,Wysocki563-2019,0.285107
S454,2019,Wysocki563-2019,0.241992
S455,2019,Wysocki563-2019,0.233505
S456,2019,Wysocki563-2019,0.280981
S458,2019,Wysocki570-2019,0.243139
S459,2019,Wysocki570-2019,0.219923
S460,2019,Wysocki570-2019,0.249877
S461,2019,Wysocki570-2019,0.245705
S462,2019,Wysocki570-2019,0.233224
S463,2019,Wysocki570-2019,0.252013
S464,2019,Wysocki570-2019,0.271250
S21,2023,Alsum18-2023,0.204745
S22,2023,Alsum18-2023,0.051170
S23,2023,Alsum18-2023,0.281331
S24,2023,Alsum18-2023,0.297543
S25,2023,Alsum18-2023,0.293049
S26,2023,Alsum18-2023,0.197075
S27,2023,Alsum18-2023,0.058263
S45,2023,Alsum59-2023,0.245128
S46,2023,Alsum59-2023,0.221308
S47,2023,Alsum59-2023,0.249564
S48,2023,Alsum59-2023,0.240831
S49,2023,Alsum59-2023,0.276873
S50,2023,Alsum59-2023,0.275229
S51,2023,Alsum59-2023,0.240884
S58,2023,Arlington-2023,0.222212
S59,2023,Arlington-2023,0.274431
S60,2023,Arlington-2023,0.235894
S61,2023,Arlington-2023,0.222799
S62,2023,Arlington-2023,0.257558
S63,2023,Arlington-2023,0.231908
S64,2023,Arlington-2023,0.253365
S77,2023,C5-2023,0.222199
S78,2023,C5-2023,0.273317
S79,2023,C5-2023,0.218701
S80,2023,C5-2023,0.229983
S81,2023,C5-2023,0.265267
S82,2023,C5-2023,0.241716
S83,2023,C5-2023,0.252762
S109,2023,C44-L15-2023,0.280304
S110,2023,C44-L15-2023,0.238421
S111,2023,C44-L15-2023,0.220519
S112,2023,C44-L15-2023,0.239637
S113,2023,C44-L15-2023,0.264252
S114,2023,C44-L15-2023,0.248083
S115,2023,C44-L15-2023,0.222782
S133,2023,Aartz-2023,0.251620
S134,2023,Aartz-2023,0.276885
S135,2023,Aartz-2023,0.283672
S136,2023,Aartz-2023,0.218779
S137,2023,Aartz-2023,0.235631
S145,2023,XMASBig-2023,0.224861
S146,2023,XMASBig-2023,0.255779
S147,2023,XMASBig-2023,0.230094
S148,2023,XMASBig-2023,0.216065
S149,2023,XMASBig-2023,0.261507
S167,2023,GarrisonNE-2023,0.251336
S168,2023,GarrisonNE-2023,0.258774
S169,2023,GarrisonNE-2023,0.244634
S170,2023,GarrisonNE-2023,0.232536
S171,2023,GarrisonNE-2023,0.243094
S172,2023,GarrisonNE-2023,0.248577
S173,2023,GarrisonNE-2023,0.240960
S185,2023,H10-2023,0.245850
S186,2023,H10-2023,0.226261
S187,2023,H10-2023,0.228776
S188,2023,H10-2023,0.275621
S189,2023,H10-2023,0.174720
S190,2023,H10-2023,0.236156
S191,2023,H10-2023,0.268113
S206,2023,H15-2023,0.196251
S207,2023,H15-2023,0.244335
S208,2023,H15-2023,0.248622
S209,2023,H15-2023,0.238424
S210,2023,H15-2023,0.228541
S211,2023,H15-2023,0.253076
S212,2023,H15-2023,0.630808
S219,2023,H41-2023,0.215532
S220,2023,H41-2023,0.254559
S221,2023,H41-2023,0.953582
S222,2023,H41-2023,0.815806
S223,2023,H41-2023,0.558122
S224,2023,H41-2023,0.214291
S225,2023,H41-2023,0.266930
S250,2023,H66-2023,0.256460
S251,2023,H66-2023,0.272779
S252,2023,H66-2023,0.217525
S253,2023,H66-2023,0.229191
S254,2023,H66-2023,0.228802
S255,2023,H66-2023,0.361447
S256,2023,H66-2023,0.286566
S257,2023,H66-2023,0.275962
S258,2023,H66-2023,0.259493
S259,2023,H66-2023,0.233673
S260,2023,H66-2023,0.226835
S288,2023,Du-2023,0.215458
S289,2023,Du-2023,0.184197
S290,2023,Du-2023,0.178353
S291,2023,Du-2023,0.159998
S292,2023,Du-2023,0.108737
S293,2023,Du-2023,0.124790
S294,2023,Du-2023,0.182799
S312,2023,OkrayGrosheks40-2023,0.214549
S313,2023,OkrayGrosheks40-2023,0.255434
S314,2023,OkrayGrosheks40-2023,0.239119
S315,2023,OkrayGrosheks40-2023,0.213797
S316,2023,OkrayGrosheks40-2023,0.233814
S317,2023,OkrayGrosheks40-2023,0.181665
S318,2023,OkrayGrosheks40-2023,0.263631
S328,2023,LaszSE-O14-2023,0.237784
S329,2023,LaszSE-O14-2023,0.239681
S330,2023,LaszSE-O14-2023,0.265201
S331,2023,LaszSE-O14-2023,0.255069
S332,2023,LaszSE-O14-2023,0.178323
S370,2023,BrikalskiPats-2023,0.272195
S371,2023,BrikalskiPats-2023,0.228899
S372,2023,BrikalskiPats-2023,0.214946
S373,2023,BrikalskiPats-2023,0.237402
S374,2023,BrikalskiPats-2023,0.253115
S375,2023,BrikalskiPats-2023,0.240140
S376,2023,BrikalskiPats-2023,0.248832
S386,2023,DaveBrilowski-2023,0.244881
S387,2023,DaveBrilowski-2023,0.265149
S388,2023,DaveBrilowski-2023,0.235509
S389,2023,DaveBrilowski-2023,0.266094
S390,2023,DaveBrilowski-2023,0.233711
S391,2023,DaveBrilowski-2023,0.236144
S392,2023,DaveBrilowski-2023,0.224185
S418,2023,Wysocki1129-2023,0.235175
S419,2023,Wysocki1129-2023,0.275678
S420,2023,Wysocki1129-2023,0.221473
S421,2023,Wysocki1129-2023,0.223181
S422,2023,Wysocki1129-2023,0.255119
S423,2023,Wysocki1129-2023,0.222977
S424,2023,Wysocki1129-2023,0.256364
S442,2023,Wedekind_3-2023,0.350996
S443,2023,Wedekind_3-2023,0.251516
S444,2023,Wedekind_3-2023,0.263083
S445,2023,Wedekind_3-2023,0.228445
S446,2023,Wedekind_3-2023,0.242663
S447,2023,Wedekind_3-2023,0.232565
S448,2023,Wedekind_3-2023,0.270121
S474,2023,Airport04-2023,0.217346
S475,2023,Airport04-2023,0.186327
S476,2023,Airport04-2023,0.240976
S477,2023,Airport04-2023,0.231638
S478,2023,Airport04-2023,0.217222
S479,2023,Airport04-2023,0.242630
S480,2023,Airport04-2023,0.283074
