year,site,ind_a,ind_b,n_hethet,n_opphom,n_het_a,n_het_b,n_snps
2015,Alsum25-2015,S9,S10,349030,76714,612592,815142,2605263
2015,Alsum25-2015,S9,S11,150551,237869,612592,520150,2605263
2015,Alsum25-2015,S9,S12,165192,234083,612592,542246,2605263
2015,Alsum25-2015,S9,S13,161820,230644,612592,534897,2605263
2015,Alsum25-2015,S9,S14,181345,214057,612592,592136,2605263
2015,Alsum25-2015,S9,S15,169722,227182,612592,549083,2605263
2015,Alsum25-2015,S9,S16,178999,221532,612592,581596,2605263
2015,Alsum25-2015,S9,S17,169685,223506,612592,558972,2605263
2015,Alsum25-2015,S9,S18,170074,223719,612592,573095,2605263
2015,Alsum25-2015,S9,S19,168676,225915,612592,563804,2605263
2015,Alsum25-2015,S10,S11,205805,158794,815142,520150,2605263
2015,Alsum25-2015,S10,S12,218179,166160,815142,542246,2605263
2015,Alsum25-2015,S10,S13,217052,160124,815142,534897,2605263
2015,Alsum25-2015,S10,S14,227767,168043,815142,592136,2605263
2015,Alsum25-2015,S10,S15,217564,167069,815142,549083,2605263
2015,Alsum25-2015,S10,S16,229243,163290,815142,581596,2605263
2015,Alsum25-2015,S10,S17,221157,165184,815142,558972,2605263
2015,Alsum25-2015,S10,S18,229065,153395,815142,573095,2605263
2015,Alsum25-2015,S10,S19,224508,159371,815142,563804,2605263
2015,Alsum25-2015,S11,S12,138227,240556,520150,542246,2605263
2015,Alsum25-2015,S11,S13,138573,235493,520150,534897,2605263
2015,Alsum25-2015,S11,S14,147443,251462,520150,592136,2605263
2015,Alsum25-2015,S11,S15,133476,257928,520150,549083,2605263
2015,Alsum25-2015,S11,S16,141970,250315,520150,581596,2605263
2015,Alsum25-2015,S11,S17,138107,240855,520150,558972,2605263
2015,Alsum25-2015,S11,S18,145012,225245,520150,573095,2605263
2015,Alsum25-2015,S11,S19,158748,205473,520150,563804,2605263
2015,Alsum25-2015,S12,S13,147818,233866,542246,534897,2605263
2015,Alsum25-2015,S12,S14,160608,235787,542246,592136,2605263
2015,Alsum25-2015,S12,S15,150033,240769,542246,549083,2605263
2015,Alsum25-2015,S12,S16,158574,234279,542246,581596,2605263
2015,Alsum25-2015,S12,S17,158230,231852,542246,558972,2605263
2015,Alsum25-2015,S12,S18,162467,224805,542246,573095,2605263
2015,Alsum25-2015,S12,S19,153482,240629,542246,563804,2605263
2015,Alsum25-2015,S13,S14,154960,244696,534897,592136,2605263
2015,Alsum25-2015,S13,S15,155517,227053,534897,549083,2605263
2015,Alsum25-2015,S13,S16,164048,220555,534897,581596,2605263
2015,Alsum25-2015,S13,S17,156822,232192,534897,558972,2605263
2015,Alsum25-2015,S13,S18,168831,229953,534897,573095,2605263
2015,Alsum25-2015,S13,S19,154823,229843,534897,563804,2605263
2015,Alsum25-2015,S14,S15,159968,241514,592136,549083,2605263
2015,Alsum25-2015,S14,S16,169582,234775,592136,581596,2605263
2015,Alsum25-2015,S14,S17,161939,237862,592136,558972,2605263
2015,Alsum25-2015,S14,S18,163917,235052,592136,573095,2605263
2015,Alsum25-2015,S14,S19,161887,234702,592136,563804,2605263
2015,Alsum25-2015,S15,S16,408163,33115,549083,581596,2605263
2015,Alsum25-2015,S15,S17,161668,228268,549083,558972,2605263
2015,Alsum25-2015,S15,S18,160186,232346,549083,573095,2605263
2015,Alsum25-2015,S15,S19,156749,240012,549083,563804,2605263
2015,Alsum25-2015,S16,S17,171383,221903,581596,558972,2605263
2015,Alsum25-2015,S16,S18,169261,225774,581596,573095,2605263
2015,Alsum25-2015,S16,S19,165250,233074,581596,563804,2605263
2015,Alsum25-2015,S17,S18,166739,235241,558972,573095,2605263
2015,Alsum25-2015,S17,S19,162045,226197,558972,563804,2605263
2015,Alsum25-2015,S18,S19,167610,218769,573095,563804,2605263
2015,Alsum140-2015,S37,S38,130307,269542,525563,512793,2605263
2015,Alsum140-2015,S37,S39,143550,251974,525563,540016,2605263
2015,Alsum140-2015,S37,S40,143330,256504,525563,565216,2605263
2015,Alsum140-2015,S37,S41,152426,237588,525563,524749,2605263
2015,Alsum140-2015,S37,S42,131183,259097,525563,517572,2605263
2015,Alsum140-2015,S37,S43,130928,267471,525563,514797,2605263
2015,Alsum140-2015,S38,S39,141538,248710,512793,540016,2605263
2015,Alsum140-2015,S38,S40,146194,257977,512793,565216,2605263
2015,Alsum140-2015,S38,S41,126981,270391,512793,524749,2605263
2015,Alsum140-2015,S38,S42,131722,264268,512793,517572,2605263
2015,Alsum140-2015,S38,S43,128832,270072,512793,514797,2605263
2015,Alsum140-2015,S39,S40,160702,238949,540016,565216,2605263
2015,Alsum140-2015,S39,S41,138548,257405,540016,524749,2605263
2015,Alsum140-2015,S39,S42,140103,260669,540016,517572,2605263
2015,Alsum140-2015,S39,S43,137087,260659,540016,514797,2605263
2015,Alsum140-2015,S40,S41,154827,239533,565216,524749,2605263
2015,Alsum140-2015,S40,S42,152578,234043,565216,517572,2605263
2015,Alsum140-2015,S40,S43,146572,249104,565216,514797,2605263
2015,Alsum140-2015,S41,S42,140032,251009,524749,517572,2605263
2015,Alsum140-2015,S41,S43,131756,261411,524749,514797,2605263
2015,Alsum140-2015,S42,S43,133979,262853,517572,514797,2605263
2015,Arlington-2015,S53,S54,143535,250812,557797,533380,2605263
2015,Arlington-2015,S53,S55,157124,226099,557797,519662,2605263
2015,Arlington-2015,S53,S56,141531,251388,557797,487199,2605263
2015,Arlington-2015,S54,S55,142052,243124,533380,519662,2605263
2015,Arlington-2015,S54,S56,134564,227206,533380,487199,2605263
2015,Arlington-2015,S55,S56,141215,215457,519662,487199,2605263
2015,Arlington2015,S74,S75,183101,221971,560356,541180,2605263
2015,C5-2015,S85,S86,143810,258837,548079,541902,2605263
2015,C5-2015,S85,S87,139996,256652,548079,505357,2605263
2015,C5-2015,S85,S88,150854,251806,548079,558596,2605263
2015,C5-2015,S85,S89,143179,257690,548079,524116,2605263
2015,C5-2015,S85,S90,149725,259820,548079,566389,2605263
2015,C5-2015,S85,S91,145967,257912,548079,526239,2605263
2015,C5-2015,S86,S87,134353,259617,541902,505357,2605263
2015,C5-2015,S86,S88,151241,249602,541902,558596,2605263
2015,C5-2015,S86,S89,145462,249514,541902,524116,2605263
2015,C5-2015,S86,S90,146729,256697,541902,566389,2605263
2015,C5-2015,S86,S91,138257,257136,541902,526239,2605263
2015,C5-2015,S87,S88,151324,224965,505357,558596,2605263
2015,C5-2015,S87,S89,129650,271528,505357,524116,2605263
2015,C5-2015,S87,S90,161498,202437,505357,566389,2605263
2015,C5-2015,S87,S91,143744,225266,505357,526239,2605263
2015,C5-2015,S88,S89,145075,258368,558596,524116,2605263
2015,C5-2015,S88,S90,166597,220927,558596,566389,2605263
2015,C5-2015,S88,S91,157572,233338,558596,526239,2605263
2015,C5-2015,S89,S90,141947,260901,524116,566389,2605263
2015,C5-2015,S89,S91,136825,262890,524116,526239,2605263
2015,C5-2015,S90,S91,160663,229023,566389,526239,2605263
2015,C44-L15-2015,S117,S118,166057,218082,548833,599291,2605263
2015,C44-L15-2015,S117,S119,168072,214607,548833,579915,2605263
2015,C44-L15-2015,S117,S120,166109,213335,548833,584858,2605263
2015,C44-L15-2015,S117,S121,135376,266924,548833,512870,2605263
2015,C44-L15-2015,S117,S122,160498,220066,548833,558970,2605263
2015,C44-L15-2015,S117,S123,154755,223677,548833,499449,2605263
2015,C44-L15-2015,S118,S119,167874,225247,599291,579915,2605263
2015,C44-L15-2015,S118,S120,234392,187606,599291,584858,2605263
2015,C44-L15-2015,S118,S121,147234,250955,599291,512870,2605263
2015,C44-L15-2015,S118,S122,179290,221623,599291,558970,2605263
2015,C44-L15-2015,S118,S123,151847,220710,599291,499449,2605263
2015,C44-L15-2015,S119,S120,176731,218955,579915,584858,2605263
2015,C44-L15-2015,S119,S121,145830,250352,579915,512870,2605263
2015,C44-L15-2015,S119,S122,170392,225269,579915,558970,2605263
2015,C44-L15-2015,S119,S123,144441,224761,579915,499449,2605263
2015,C44-L15-2015,S120,S121,141529,261459,584858,512870,2605263
2015,C44-L15-2015,S120,S122,169887,223406,584858,558970,2605263
2015,C44-L15-2015,S120,S123,141040,238567,584858,499449,2605263
2015,C44-L15-2015,S121,S122,141305,249958,512870,558970,2605263
2015,C44-L15-2015,S121,S123,126262,266881,512870,499449,2605263
2015,C44-L15-2015,S122,S123,146572,233083,558970,499449,2605263
2015,GarrisonNE-2015,S151,S152,144119,164839,428602,572637,2605263
2015,GarrisonNE-2015,S151,S153,116604,246036,428602,566595,2605263
2015,GarrisonNE-2015,S151,S154,124341,175453,428602,468659,2605263
2015,GarrisonNE-2015,S151,S155,114479,263991,428602,560030,2605263
2015,GarrisonNE-2015,S151,S156,108416,260920,428602,544739,2605263
2015,GarrisonNE-2015,S151,S157,106266,292933,428602,535419,2605263
2015,GarrisonNE-2015,S152,S153,167470,218379,572637,566595,2605263
2015,GarrisonNE-2015,S152,S154,147986,187487,572637,468659,2605263
2015,GarrisonNE-2015,S152,S155,166804,216846,572637,560030,2605263
2015,GarrisonNE-2015,S152,S156,162666,217376,572637,544739,2605263
2015,GarrisonNE-2015,S152,S157,158293,220468,572637,535419,2605263
2015,GarrisonNE-2015,S153,S154,124337,233111,566595,468659,2605263
2015,GarrisonNE-2015,S153,S155,163882,223460,566595,560030,2605263
2015,GarrisonNE-2015,S153,S156,158365,227430,566595,544739,2605263
2015,GarrisonNE-2015,S153,S157,153916,233779,566595,535419,2605263
2015,GarrisonNE-2015,S154,S155,123254,250555,468659,560030,2605263
2015,GarrisonNE-2015,S154,S156,119094,237606,468659,544739,2605263
2015,GarrisonNE-2015,S154,S157,127831,257882,468659,535419,2605263
2015,GarrisonNE-2015,S155,S156,162075,222447,560030,544739,2605263
2015,GarrisonNE-2015,S155,S157,149537,235575,560030,535419,2605263
2015,GarrisonNE-2015,S156,S157,143268,239351,544739,535419,2605263
2015,Mortensen9-2015,S175,S176,148858,224050,515732,537183,2605263
2015,Mortensen9-2015,S175,S177,154831,181466,515732,456455,2605263
2015,Mortensen9-2015,S175,S178,183718,163697,515732,519833,2605263
2015,Mortensen9-2015,S175,S179,161221,201841,515732,508826,2605263
2015,Mortensen9-2015,S176,S177,128286,252560,537183,456455,2605263
2015,Mortensen9-2015,S176,S178,145582,230357,537183,519833,2605263
2015,Mortensen9-2015,S176,S179,257292,94666,537183,508826,2605263
2015,Mortensen9-2015,S177,S178,175775,140466,456455,519833,2605263
2015,Mortensen9-2015,S177,S179,134213,225380,456455,508826,2605263
2015,Mortensen9-2015,S178,S179,154604,216187,519833,508826,2605263
2015,H10-2015,S181,S182,121252,243987,560903,424125,2605263
2015,H10-2015,S181,S183,108090,238552,560903,419649,2605263
2015,H10-2015,S181,S192,141384,254881,560903,547157,2605263
2015,H10-2015,S181,S193,138251,258560,560903,494083,2605263
2015,H10-2015,S181,S194,164001,240872,560903,571073,2605263
2015,H10-2015,S181,S195,185231,204253,560903,590738,2605263
2015,H10-2015,S182,S183,93080,264886,424125,419649,2605263
2015,H10-2015,S182,S192,115420,277332,424125,547157,2605263
2015,H10-2015,S182,S193,99495,298388,424125,494083,2605263
2015,H10-2015,S182,S194,113816,286884,424125,571073,2605263
2015,H10-2015,S182,S195,122554,257269,424125,590738,2605263
2015,H10-2015,S183,S192,113619,303183,419649,547157,2605263
2015,H10-2015,S183,S193,103001,300324,419649,494083,2605263
2015,H10-2015,S183,S194,111426,304510,419649,571073,2605263
2015,H10-2015,S183,S195,113093,246203,419649,590738,2605263
2015,H10-2015,S192,S193,134094,249370,547157,494083,2605263
2015,H10-2015,S192,S194,154816,249977,547157,571073,2605263
2015,H10-2015,S192,S195,147672,250776,547157,590738,2605263
2015,H10-2015,S193,S194,143941,242436,494083,571073,2605263
2015,H10-2015,S193,S195,139881,258480,494083,590738,2605263
2015,H10-2015,S194,S195,161790,240355,571073,590738,2605263
2015,H15-2015,S197,S198,149139,230044,513847,549526,2605263
2015,H15-2015,S197,S199,154237,222747,513847,566654,2605263
2015,H15-2015,S197,S200,127349,228567,513847,485476,2605263
2015,H15-2015,S197,S201,144378,229851,513847,532604,2605263
2015,H15-2015,S197,S202,133674,242968,513847,535514,2605263
2015,H15-2015,S197,S203,140426,207912,513847,513992,2605263
2015,H15-2015,S197,S204,154040,217271,513847,567373,2605263
2015,H15-2015,S198,S199,170544,211293,549526,566654,2605263
2015,H15-2015,S198,S200,137329,210501,549526,485476,2605263
2015,H15-2015,S198,S201,167050,211490,549526,532604,2605263
2015,H15-2015,S198,S202,151219,221297,549526,535514,2605263
2015,H15-2015,S198,S203,138501,222494,549526,513992,2605263
2015,H15-2015,S198,S204,165009,203885,549526,567373,2605263
2015,H15-2015,S199,S200,146102,208649,566654,485476,2605263
2015,H15-2015,S199,S201,178076,192309,566654,532604,2605263
2015,H15-2015,S199,S202,151859,226535,566654,535514,2605263
2015,H15-2015,S199,S203,151889,203289,566654,513992,2605263
2015,H15-2015,S199,S204,176509,200989,566654,567373,2605263
2015,H15-2015,S200,S201,130994,227066,485476,532604,2605263
2015,H15-2015,S200,S202,129704,249309,485476,535514,2605263
2015,H15-2015,S200,S203,144243,198988,485476,513992,2605263
2015,H15-2015,S200,S204,141424,207881,485476,567373,2605263
2015,H15-2015,S201,S202,146036,230088,532604,535514,2605263
2015,H15-2015,S201,S203,138372,222228,532604,513992,2605263
2015,H15-2015,S201,S204,166610,201741,532604,567373,2605263
2015,H15-2015,S202,S203,136126,242715,535514,513992,2605263
2015,H15-2015,S202,S204,153452,218020,535514,567373,2605263
2015,H15-2015,S203,S204,155410,191731,513992,567373,2605263
2015,H41-2015,S214,S215,144157,227791,532181,547393,2605263
2015,H41-2015,S214,S216,141478,220373,532181,527113,2605263
2015,H41-2015,S214,S217,113143,266600,532181,404260,2605263
2015,H41-2015,S214,S226,136656,232987,532181,526595,2605263
2015,H41-2015,S214,S227,129760,248380,532181,498211,2605263
2015,H41-2015,S214,S228,147980,231878,532181,560479,2605263
2015,H41-2015,S215,S216,167085,189640,547393,527113,2605263
2015,H41-2015,S215,S217,114519,244878,547393,404260,2605263
2015,H41-2015,S215,S226,147570,233647,547393,526595,2605263
2015,H41-2015,S215,S227,139896,214073,547393,498211,2605263
2015,H41-2015,S215,S228,159223,226310,547393,560479,2605263
2015,H41-2015,S216,S217,111995,230418,527113,404260,2605263
2015,H41-2015,S216,S226,144301,229604,527113,526595,2605263
2015,H41-2015,S216,S227,131767,217020,527113,498211,2605263
2015,H41-2015,S216,S228,146952,231337,527113,560479,2605263
2015,H41-2015,S217,S226,102648,268101,404260,526595,2605263
2015,H41-2015,S217,S227,107921,272041,404260,498211,2605263
2015,H41-2015,S217,S228,118492,243407,404260,560479,2605263
2015,H41-2015,S226,S227,127801,217288,526595,498211,2605263
2015,H41-2015,S226,S228,152140,229398,526595,560479,2605263
2015,H41-2015,S227,S228,139652,242672,498211,560479,2605263
2015,H53-2015,S230,S231,140622,246090,541189,514598,2605263
2015,H53-2015,S230,S232,147920,230699,541189,543460,2605263
2015,H53-2015,S230,S233,151259,224892,541189,544214,2605263
2015,H53-2015,S230,S234,139246,241150,541189,534873,2605263
2015,H53-2015,S230,S235,157295,213047,541189,554940,2605263
2015,H53-2015,S230,S236,129546,252978,541189,485776,2605263
2015,H53-2015,S230,S237,143838,239301,541189,538032,2605263
2015,H53-2015,S230,S238,159300,205921,541189,554838,2605263
2015,H53-2015,S230,S239,143910,238452,541189,568348,2605263
2015,H53-2015,S230,S240,135137,246619,541189,489483,2605263
2015,H53-2015,S230,S241,142758,247453,541189,546533,2605263
2015,H53-2015,S230,S242,146228,246770,541189,559950,2605263
2015,H53-2015,S230,S243,146636,249284,541189,576328,2605263
2015,H53-2015,S230,S244,140692,264576,541189,556924,2605263
2015,H53-2015,S230,S245,153345,246767,541189,564004,2605263
2015,H53-2015,S230,S246,145380,235789,541189,535635,2605263
2015,H53-2015,S230,S247,152249,246912,541189,570834,2605263
2015,H53-2015,S230,S248,158167,239340,541189,597272,2605263
2015,H53-2015,S231,S232,138371,247384,514598,543460,2605263
2015,H53-2015,S231,S233,137293,247688,514598,544214,2605263
2015,H53-2015,S231,S234,139330,233381,514598,534873,2605263
2015,H53-2015,S231,S235,143407,232568,514598,554940,2605263
2015,H53-2015,S231,S236,124781,259462,514598,485776,2605263
2015,H53-2015,S231,S237,143053,220658,514598,538032,2605263
2015,H53-2015,S231,S238,135759,249054,514598,554838,2605263
2015,H53-2015,S231,S239,157444,206804,514598,568348,2605263
2015,H53-2015,S231,S240,138082,226116,514598,489483,2605263
2015,H53-2015,S231,S241,146430,215793,514598,546533,2605263
2015,H53-2015,S231,S242,147041,247150,514598,559950,2605263
2015,H53-2015,S231,S243,155333,226092,514598,576328,2605263
2015,H53-2015,S231,S244,148825,226347,514598,556924,2605263
2015,H53-2015,S231,S245,150596,214707,514598,564004,2605263
2015,H53-2015,S231,S246,137853,239005,514598,535635,2605263
2015,H53-2015,S231,S247,137756,261657,514598,570834,2605263
2015,H53-2015,S231,S248,149438,245881,514598,597272,2605263
2015,H53-2015,S232,S233,154734,211750,543460,544214,2605263
2015,H53-2015,S232,S234,143512,228316,543460,534873,2605263
2015,H53-2015,S232,S235,159031,213548,543460,554940,2605263
2015,H53-2015,S232,S236,133040,236245,543460,485776,2605263
2015,H53-2015,S232,S237,147195,228337,543460,538032,2605263
2015,H53-2015,S232,S238,155099,223976,543460,554838,2605263
2015,H53-2015,S232,S239,150954,230212,543460,568348,2605263
2015,H53-2015,S232,S240,131489,261629,543460,489483,2605263
2015,H53-2015,S232,S241,143194,244825,543460,546533,2605263
2015,H53-2015,S232,S242,151968,236272,543460,559950,2605263
2015,H53-2015,S232,S243,156004,231429,543460,576328,2605263
2015,H53-2015,S232,S244,148002,242056,543460,556924,2605263
2015,H53-2015,S232,S245,142111,247661,543460,564004,2605263
2015,H53-2015,S232,S246,140027,254463,543460,535635,2605263
2015,H53-2015,S232,S247,147071,242205,543460,570834,2605263
2015,H53-2015,S232,S248,163824,224329,543460,597272,2605263
2015,H53-2015,S233,S234,147840,221958,544214,534873,2605263
2015,H53-2015,S233,S235,157472,220992,544214,554940,2605263
2015,H53-2015,S233,S236,130330,238399,544214,485776,2605263
2015,H53-2015,S233,S237,145675,224234,544214,538032,2605263
2015,H53-2015,S233,S238,151280,222696,544214,554838,2605263
2015,H53-2015,S233,S239,148317,229659,544214,568348,2605263
2015,H53-2015,S233,S240,127840,252338,544214,489483,2605263
2015,H53-2015,S233,S241,146809,234869,544214,546533,2605263
2015,H53-2015,S233,S242,149771,230158,544214,559950,2605263
2015,H53-2015,S233,S243,153531,222782,544214,576328,2605263
2015,H53-2015,S233,S244,151327,232682,544214,556924,2605263
2015,H53-2015,S233,S245,146687,236971,544214,564004,2605263
2015,H53-2015,S233,S246,143175,234872,544214,535635,2605263
2015,H53-2015,S233,S247,149674,238658,544214,570834,2605263
2015,H53-2015,S233,S248,158988,223370,544214,597272,2605263
2015,H53-2015,S234,S235,151027,222093,534873,554940,2605263
2015,H53-2015,S234,S236,131845,230362,534873,485776,2605263
2015,H53-2015,S234,S237,144276,225017,534873,538032,2605263
2015,H53-2015,S234,S238,148031,214798,534873,554838,2605263
2015,H53-2015,S234,S239,146323,232666,534873,568348,2605263
2015,H53-2015,S234,S240,128083,257632,534873,489483,2605263
2015,H53-2015,S234,S241,141989,240528,534873,546533,2605263
2015,H53-2015,S234,S242,148146,231160,534873,559950,2605263
2015,H53-2015,S234,S243,142816,240754,534873,576328,2605263
2015,H53-2015,S234,S244,142835,238638,534873,556924,2605263
2015,H53-2015,S234,S245,147727,238149,534873,564004,2605263
2015,H53-2015,S234,S246,137507,248490,534873,535635,2605263
2015,H53-2015,S234,S247,148099,241830,534873,570834,2605263
2015,H53-2015,S234,S248,154768,224770,534873,597272,2605263
2015,H53-2015,S235,S236,132351,240253,554940,485776,2605263
2015,H53-2015,S235,S237,142934,232624,554940,538032,2605263
2015,H53-2015,S235,S238,158001,222716,554940,554838,2605263
2015,H53-2015,S235,S239,148040,233025,554940,568348,2605263
2015,H53-2015,S235,S240,138616,249694,554940,489483,2605263
2015,H53-2015,S235,S241,150409,238455,554940,546533,2605263
2015,H53-2015,S235,S242,149990,232730,554940,559950,2605263
2015,H53-2015,S235,S243,156267,236424,554940,576328,2605263
2015,H53-2015,S235,S244,145739,243854,554940,556924,2605263
2015,H53-2015,S235,S245,148123,237872,554940,564004,2605263
2015,H53-2015,S235,S246,150188,230962,554940,535635,2605263
2015,H53-2015,S235,S247,161854,222378,554940,570834,2605263
2015,H53-2015,S235,S248,160372,224345,554940,597272,2605263
2015,H53-2015,S236,S237,132968,232011,485776,538032,2605263
2015,H53-2015,S236,S238,130788,242755,485776,554838,2605263
2015,H53-2015,S236,S239,133402,246140,485776,568348,2605263
2015,H53-2015,S236,S240,117423,270793,485776,489483,2605263
2015,H53-2015,S236,S241,131348,249019,485776,546533,2605263
2015,H53-2015,S236,S242,133053,248927,485776,559950,2605263
2015,H53-2015,S236,S243,136450,245610,485776,576328,2605263
2015,H53-2015,S236,S244,132683,256452,485776,556924,2605263
2015,H53-2015,S236,S245,128217,259232,485776,564004,2605263
2015,H53-2015,S236,S246,127578,254180,485776,535635,2605263
2015,H53-2015,S236,S247,138726,242418,485776,570834,2605263
2015,H53-2015,S236,S248,137502,251409,485776,597272,2605263
2015,H53-2015,S237,S238,143154,232965,538032,554838,2605263
2015,H53-2015,S237,S239,156022,212540,538032,568348,2605263
2015,H53-2015,S237,S240,135808,251743,538032,489483,2605263
2015,H53-2015,S237,S241,148666,215654,538032,546533,2605263
2015,H53-2015,S237,S242,150080,228556,538032,559950,2605263
2015,H53-2015,S237,S243,155523,233151,538032,576328,2605263
2015,H53-2015,S237,S244,153775,221332,538032,556924,2605263
2015,H53-2015,S237,S245,150295,227460,538032,564004,2605263
2015,H53-2015,S237,S246,144432,243739,538032,535635,2605263
2015,H53-2015,S237,S247,146855,243084,538032,570834,2605263
2015,H53-2015,S237,S248,151816,235081,538032,597272,2605263
2015,H53-2015,S238,S239,165507,216586,554838,568348,2605263
2015,H53-2015,S238,S240,131315,256324,554838,489483,2605263
2015,H53-2015,S238,S241,141545,249010,554838,546533,2605263
2015,H53-2015,S238,S242,162809,213103,554838,559950,2605263
2015,H53-2015,S238,S243,157080,230128,554838,576328,2605263
2015,H53-2015,S238,S244,154331,235082,554838,556924,2605263
2015,H53-2015,S238,S245,150838,238309,554838,564004,2605263
2015,H53-2015,S238,S246,144373,243403,554838,535635,2605263
2015,H53-2015,S238,S247,149224,244120,554838,570834,2605263
2015,H53-2015,S238,S248,159830,230944,554838,597272,2605263
2015,H53-2015,S239,S240,151526,209229,568348,489483,2605263
2015,H53-2015,S239,S241,160894,211143,568348,546533,2605263
2015,H53-2015,S239,S242,153104,233178,568348,559950,2605263
2015,H53-2015,S239,S243,177054,206094,568348,576328,2605263
2015,H53-2015,S239,S244,163400,220932,568348,556924,2605263
2015,H53-2015,S239,S245,170230,196444,568348,564004,2605263
2015,H53-2015,S239,S246,157925,233864,568348,535635,2605263
2015,H53-2015,S239,S247,147796,247574,568348,570834,2605263
2015,H53-2015,S239,S248,151903,241088,568348,597272,2605263
2015,H53-2015,S240,S241,139981,215102,489483,546533,2605263
2015,H53-2015,S240,S242,130651,271269,489483,559950,2605263
2015,H53-2015,S240,S243,147970,245001,489483,576328,2605263
2015,H53-2015,S240,S244,134656,257453,489483,556924,2605263
2015,H53-2015,S240,S245,143395,193366,489483,564004,2605263
2015,H53-2015,S240,S246,138432,259811,489483,535635,2605263
2015,H53-2015,S240,S247,133267,266803,489483,570834,2605263
2015,H53-2015,S240,S248,135612,264098,489483,597272,2605263
2015,H53-2015,S241,S242,144735,249880,546533,559950,2605263
2015,H53-2015,S241,S243,151955,236598,546533,576328,2605263
2015,H53-2015,S241,S244,146972,234793,546533,556924,2605263
2015,H53-2015,S241,S245,164181,198293,546533,564004,2605263
2015,H53-2015,S241,S246,146557,233445,546533,535635,2605263
2015,H53-2015,S241,S247,144903,255103,546533,570834,2605263
2015,H53-2015,S241,S248,154932,247774,546533,597272,2605263
2015,H53-2015,S242,S243,155796,244543,559950,576328,2605263
2015,H53-2015,S242,S244,158810,242057,559950,556924,2605263
2015,H53-2015,S242,S245,155427,245689,559950,564004,2605263
2015,H53-2015,S242,S246,144012,261039,559950,535635,2605263
2015,H53-2015,S242,S247,152357,248435,559950,570834,2605263
2015,H53-2015,S242,S248,171314,221133,559950,597272,2605263
2015,H53-2015,S243,S244,161852,233414,576328,556924,2605263
2015,H53-2015,S243,S245,161545,224516,576328,564004,2605263
2015,H53-2015,S243,S246,154376,247955,576328,535635,2605263
2015,H53-2015,S243,S247,153739,244992,576328,570834,2605263
2015,H53-2015,S243,S248,164267,245011,576328,597272,2605263
2015,H53-2015,S244,S245,160224,230127,556924,564004,2605263
2015,H53-2015,S244,S246,148736,242523,556924,535635,2605263
2015,H53-2015,S244,S247,154289,252905,556924,570834,2605263
2015,H53-2015,S244,S248,165958,226832,556924,597272,2605263
2015,H53-2015,S245,S246,151991,228460,564004,535635,2605263
2015,H53-2015,S245,S247,151958,261353,564004,570834,2605263
2015,H53-2015,S245,S248,156339,251299,564004,597272,2605263
2015,H53-2015,S246,S247,152647,249885,535635,570834,2605263
2015,H53-2015,S246,S248,159990,241733,535635,597272,2605263
2015,H53-2015,S247,S248,167606,218480,570834,597272,2605263
2015,H67-2015,S262,S263,133681,246999,500743,513544,2605263
2015,Refuge-2015,S265,S266,123554,232913,500920,482014,2605263
2015,Refuge-2015,S265,S267,137961,227179,500920,538262,2605263
2015,Refuge-2015,S265,S268,150637,197190,500920,552587,2605263
2015,Refuge-2015,S265,S269,121462,193720,500920,410175,2605263
2015,Refuge-2015,S265,S270,122532,240415,500920,481033,2605263
2015,Refuge-2015,S265,S271,125608,280056,500920,546425,2605263
2015,Refuge-2015,S265,S272,159719,186108,500920,562224,2605263
2015,Refuge-2015,S266,S267,128514,233968,482014,538262,2605263
2015,Refuge-2015,S266,S268,138721,213579,482014,552587,2605263
2015,Refuge-2015,S266,S269,106460,229770,482014,410175,2605263
2015,Refuge-2015,S266,S270,137920,202425,482014,481033,2605263
2015,Refuge-2015,S266,S271,127600,262697,482014,546425,2605263
2015,Refuge-2015,S266,S272,149104,203855,482014,562224,2605263
2015,Refuge-2015,S267,S268,154973,231609,538262,552587,2605263
2015,Refuge-2015,S267,S269,108150,237335,538262,410175,2605263
2015,Refuge-2015,S267,S270,123953,253464,538262,481033,2605263
2015,Refuge-2015,S267,S271,148791,228852,538262,546425,2605263
2015,Refuge-2015,S267,S272,160452,222085,538262,562224,2605263
2015,Refuge-2015,S268,S269,113075,228734,552587,410175,2605263
2015,Refuge-2015,S268,S270,137323,227152,552587,481033,2605263
2015,Refuge-2015,S268,S271,139044,246527,552587,546425,2605263
2015,Refuge-2015,S268,S272,177753,199729,552587,562224,2605263
2015,Refuge-2015,S269,S270,102142,267297,410175,481033,2605263
2015,Refuge-2015,S269,S271,110273,291269,410175,546425,2605263
2015,Refuge-2015,S269,S272,117943,205728,410175,562224,2605263
2015,Refuge-2015,S270,S271,130224,257414,481033,546425,2605263
2015,Refuge-2015,S270,S272,138599,208205,481033,562224,2605263
2015,Refuge-2015,S271,S272,147300,231090,546425,562224,2605263
2015,Hesler-2015,S274,S275,154493,227439,551684,563093,2605263
2015,Hesler-2015,S274,S276,119141,245607,551684,459427,2605263
2015,Hesler-2015,S274,S277,158159,228167,551684,548488,2605263
2015,Hesler-2015,S274,S278,128507,246349,551684,465108,2605263
2015,Hesler-2015,S274,S279,141721,228606,551684,513845,2605263
2015,Hesler-2015,S274,S280,148905,253442,551684,542229,2605263
2015,Hesler-2015,S275,S276,133823,243706,563093,459427,2605263
2015,Hesler-2015,S275,S277,160761,237590,563093,548488,2605263
2015,Hesler-2015,S275,S278,133469,244796,563093,465108,2605263
2015,Hesler-2015,S275,S279,143602,239593,563093,513845,2605263
2015,Hesler-2015,S275,S280,142518,244786,563093,542229,2605263
2015,Hesler-2015,S276,S277,126579,251445,459427,548488,2605263
2015,Hesler-2015,S276,S278,122228,240699,459427,465108,2605263
2015,Hesler-2015,S276,S279,125935,231325,459427,513845,2605263
2015,Hesler-2015,S276,S280,120619,282469,459427,542229,2605263
2015,Hesler-2015,S277,S278,132053,237853,548488,465108,2605263
2015,Hesler-2015,S277,S279,148607,224493,548488,513845,2605263
2015,Hesler-2015,S277,S280,141213,258523,548488,542229,2605263
2015,Hesler-2015,S278,S279,121750,250796,465108,513845,2605263
2015,Hesler-2015,S278,S280,127776,270437,465108,542229,2605263
2015,Hesler-2015,S279,S280,131231,265484,513845,542229,2605263
2015,SilverValley-2015,S282,S283,108353,297985,424897,510877,2605263
2015,SilverValley-2015,S282,S284,108616,255657,424897,541546,2605263
2015,SilverValley-2015,S282,S285,126158,200916,424897,584475,2605263
2015,SilverValley-2015,S282,S286,121726,224917,424897,528333,2605263
2015,SilverValley-2015,S283,S284,134437,259608,510877,541546,2605263
2015,SilverValley-2015,S283,S285,142019,250980,510877,584475,2605263
2015,SilverValley-2015,S283,S286,125633,267260,510877,528333,2605263
2015,SilverValley-2015,S284,S285,196335,206137,541546,584475,2605263
2015,SilverValley-2015,S284,S286,147032,240203,541546,528333,2605263
2015,SilverValley-2015,S285,S286,171924,196131,584475,528333,2605263
2015,PFEast-2015,S320,S321,157035,237516,552717,549788,2605263
2015,PFEast-2015,S320,S322,146701,245723,552717,536933,2605263
2015,PFEast-2015,S320,S323,152428,246665,552717,557911,2605263
2015,PFEast-2015,S320,S324,162038,228892,552717,557855,2605263
2015,PFEast-2015,S320,S325,135184,256091,552717,511217,2605263
2015,PFEast-2015,S320,S326,147002,249334,552717,551761,2605263
2015,PFEast-2015,S321,S322,145207,246566,549788,536933,2605263
2015,PFEast-2015,S321,S323,147795,244668,549788,557911,2605263
2015,PFEast-2015,S321,S324,161737,225755,549788,557855,2605263
2015,PFEast-2015,S321,S325,137004,229888,549788,511217,2605263
2015,PFEast-2015,S321,S326,145362,252740,549788,551761,2605263
2015,PFEast-2015,S322,S323,150361,250639,536933,557911,2605263
2015,PFEast-2015,S322,S324,147852,245793,536933,557855,2605263
2015,PFEast-2015,S322,S325,135677,257410,536933,511217,2605263
2015,PFEast-2015,S322,S326,148897,245978,536933,551761,2605263
2015,PFEast-2015,S323,S324,155781,246743,557911,557855,2605263
2015,PFEast-2015,S323,S325,140125,271678,557911,511217,2605263
2015,PFEast-2015,S323,S326,150508,238349,557911,551761,2605263
2015,PFEast-2015,S324,S325,141690,222563,557855,511217,2605263
2015,PFEast-2015,S324,S326,145632,251891,557855,551761,2605263
2015,PFEast-2015,S325,S326,138104,264246,511217,551761,2605263
2015,LaszSE-O14-2015,S334,S335,150216,254857,553962,549241,2605263
2015,LaszSE-O14-2015,S334,S336,171565,209577,553962,570268,2605263
2015,LaszSE-O14-2015,S334,S337,162250,228198,553962,553154,2605263
2015,LaszSE-O14-2015,S334,S338,151873,245930,553962,540672,2605263
2015,LaszSE-O14-2015,S335,S336,150626,246828,549241,570268,2605263
2015,LaszSE-O14-2015,S335,S337,152454,240426,549241,553154,2605263
2015,LaszSE-O14-2015,S335,S338,140825,263189,549241,540672,2605263
2015,LaszSE-O14-2015,S336,S337,157711,248310,570268,553154,2605263
2015,LaszSE-O14-2015,S336,S338,158341,234143,570268,540672,2605263
2015,LaszSE-O14-2015,S337,S338,150607,246964,553154,540672,2605263
2015,Paramount257-2015,S346,S347,159495,239948,560938,580694,2605263
2015,Paramount257-2015,S346,S348,162229,226829,560938,571340,2605263
2015,Paramount257-2015,S346,S349,147082,253178,560938,524835,2605263
2015,Paramount257-2015,S346,S350,175178,213892,560938,594932,2605263
2015,Paramount257-2015,S346,S351,153620,248042,560938,537925,2605263
2015,Paramount257-2015,S346,S352,154880,244443,560938,559866,2605263
2015,Paramount257-2015,S347,S348,170949,228322,580694,571340,2605263
2015,Paramount257-2015,S347,S349,145122,246823,580694,524835,2605263
2015,Paramount257-2015,S347,S350,190866,208331,580694,594932,2605263
2015,Paramount257-2015,S347,S351,155745,248736,580694,537925,2605263
2015,Paramount257-2015,S347,S352,164221,240044,580694,559866,2605263
2015,Paramount257-2015,S348,S349,148241,243998,571340,524835,2605263
2015,Paramount257-2015,S348,S350,185442,209314,571340,594932,2605263
2015,Paramount257-2015,S348,S351,155902,233758,571340,537925,2605263
2015,Paramount257-2015,S348,S352,159739,236877,571340,559866,2605263
2015,Paramount257-2015,S349,S350,152764,240878,524835,594932,2605263
2015,Paramount257-2015,S349,S351,155483,241132,524835,537925,2605263
2015,Paramount257-2015,S349,S352,141572,266794,524835,559866,2605263
2015,Paramount257-2015,S350,S351,172416,213321,594932,537925,2605263
2015,Paramount257-2015,S350,S352,165115,236343,594932,559866,2605263
2015,Paramount257-2015,S351,S352,142888,264800,537925,559866,2605263
2015,BrilowskiHome-2015,S362,S363,170819,216964,582558,539671,2605263
2015,BrilowskiHome-2015,S362,S364,151992,214180,582558,501575,2605263
2015,BrilowskiHome-2015,S362,S365,150554,239895,582558,518905,2605263
2015,BrilowskiHome-2015,S362,S366,138807,252368,582558,470865,2605263
2015,BrilowskiHome-2015,S362,S367,172957,213739,582558,574093,2605263
2015,BrilowskiHome-2015,S362,S368,148947,244636,582558,520446,2605263
2015,BrilowskiHome-2015,S363,S364,134779,241991,539671,501575,2605263
2015,BrilowskiHome-2015,S363,S365,143585,260844,539671,518905,2605263
2015,BrilowskiHome-2015,S363,S366,132392,242596,539671,470865,2605263
2015,BrilowskiHome-2015,S363,S367,163975,231967,539671,574093,2605263
2015,BrilowskiHome-2015,S363,S368,138265,259860,539671,520446,2605263
2015,BrilowskiHome-2015,S364,S365,138430,234546,501575,518905,2605263
2015,BrilowskiHome-2015,S364,S366,125286,242672,501575,470865,2605263
2015,BrilowskiHome-2015,S364,S367,144205,224066,501575,574093,2605263
2015,BrilowskiHome-2015,S364,S368,128344,266494,501575,520446,2605263
2015,BrilowskiHome-2015,S365,S366,121710,266638,518905,470865,2605263
2015,BrilowskiHome-2015,S365,S367,149310,242982,518905,574093,2605263
2015,BrilowskiHome-2015,S365,S368,135447,265149,518905,520446,2605263
2015,BrilowskiHome-2015,S366,S367,135661,242797,470865,574093,2605263
2015,BrilowskiHome-2015,S366,S368,116341,308249,470865,520446,2605263
2015,BrilowskiHome-2015,S367,S368,147519,251735,574093,520446,2605263
2015,BrilowskiNE-2015,S394,S395,157499,240951,565746,542212,2605263
2015,BrilowskiNE-2015,S394,S396,120277,271654,565746,432937,2605263
2015,BrilowskiNE-2015,S394,S397,157890,208059,565746,509231,2605263
2015,BrilowskiNE-2015,S394,S398,170172,229941,565746,588165,2605263
2015,BrilowskiNE-2015,S394,S399,127437,272117,565746,455997,2605263
2015,BrilowskiNE-2015,S394,S400,161053,243532,565746,595443,2605263
2015,BrilowskiNE-2015,S395,S396,112993,242876,542212,432937,2605263
2015,BrilowskiNE-2015,S395,S397,137224,241213,542212,509231,2605263
2015,BrilowskiNE-2015,S395,S398,157271,239393,542212,588165,2605263
2015,BrilowskiNE-2015,S395,S399,127573,234173,542212,455997,2605263
2015,BrilowskiNE-2015,S395,S400,156490,248269,542212,595443,2605263
2015,BrilowskiNE-2015,S396,S397,110964,232587,432937,509231,2605263
2015,BrilowskiNE-2015,S396,S398,120143,266575,432937,588165,2605263
2015,BrilowskiNE-2015,S396,S399,114960,220175,432937,455997,2605263
2015,BrilowskiNE-2015,S396,S400,130447,284820,432937,595443,2605263
2015,BrilowskiNE-2015,S397,S398,153362,254111,509231,588165,2605263
2015,BrilowskiNE-2015,S397,S399,116835,228559,509231,455997,2605263
2015,BrilowskiNE-2015,S397,S400,139296,264445,509231,595443,2605263
2015,BrilowskiNE-2015,S398,S399,128943,248908,588165,455997,2605263
2015,BrilowskiNE-2015,S398,S400,170007,231312,588165,595443,2605263
2015,BrilowskiNE-2015,S399,S400,136010,291355,455997,595443,2605263
2015,Wysocki122-2015,S410,S411,146343,250552,508417,569556,2605263
2015,Wysocki122-2015,S410,S412,138876,239316,508417,531429,2605263
2015,Wysocki122-2015,S410,S413,136638,277314,508417,543513,2605263
2015,Wysocki122-2015,S410,S414,157284,224695,508417,580586,2605263
2015,Wysocki122-2015,S410,S415,127044,239404,508417,484974,2605263
2015,Wysocki122-2015,S410,S416,132963,251129,508417,520084,2605263
2015,Wysocki122-2015,S411,S412,151627,229499,569556,531429,2605263
2015,Wysocki122-2015,S411,S413,153873,246448,569556,543513,2605263
2015,Wysocki122-2015,S411,S414,179566,218910,569556,580586,2605263
2015,Wysocki122-2015,S411,S415,147084,212555,569556,484974,2605263
2015,Wysocki122-2015,S411,S416,157460,242445,569556,520084,2605263
2015,Wysocki122-2015,S412,S413,134607,271253,531429,543513,2605263
2015,Wysocki122-2015,S412,S414,158128,230596,531429,580586,2605263
2015,Wysocki122-2015,S412,S415,135795,241020,531429,484974,2605263
2015,Wysocki122-2015,S412,S416,144894,243387,531429,520084,2605263
2015,Wysocki122-2015,S413,S414,154685,245149,543513,580586,2605263
2015,Wysocki122-2015,S413,S415,129792,281542,543513,484974,2605263
2015,Wysocki122-2015,S413,S416,138358,260246,543513,520084,2605263
2015,Wysocki122-2015,S414,S415,155894,205176,580586,484974,2605263
2015,Wysocki122-2015,S414,S416,149133,242191,580586,520084,2605263
2015,Wysocki122-2015,S415,S416,130341,260790,484974,520084,2605263
2015,Paramount528-2015,S434,S435,157053,230937,553122,561029,2605263
2015,Paramount528-2015,S434,S436,143582,251394,553122,537783,2605263
2015,Paramount528-2015,S434,S437,174600,236810,553122,617108,2605263
2015,Paramount528-2015,S434,S438,171123,226254,553122,604865,2605263
2015,Paramount528-2015,S434,S439,171548,215614,553122,602655,2605263
2015,Paramount528-2015,S434,S440,166219,223070,553122,631839,2605263
2015,Paramount528-2015,S435,S436,139795,258362,561029,537783,2605263
2015,Paramount528-2015,S435,S437,176285,203872,561029,617108,2605263
2015,Paramount528-2015,S435,S438,176574,224043,561029,604865,2605263
2015,Paramount528-2015,S435,S439,171062,225074,561029,602655,2605263
2015,Paramount528-2015,S435,S440,171601,230308,561029,631839,2605263
2015,Paramount528-2015,S436,S437,171426,218303,537783,617108,2605263
2015,Paramount528-2015,S436,S438,162221,231431,537783,604865,2605263
2015,Paramount528-2015,S436,S439,168156,217453,537783,602655,2605263
2015,Paramount528-2015,S436,S440,162075,231136,537783,631839,2605263
2015,Paramount528-2015,S437,S438,173737,227993,617108,604865,2605263
2015,Paramount528-2015,S437,S439,182226,220673,617108,602655,2605263
2015,Paramount528-2015,S437,S440,182402,225133,617108,631839,2605263
2015,Paramount528-2015,S438,S439,194967,207382,604865,602655,2605263
2015,Paramount528-2015,S438,S440,182649,214202,604865,631839,2605263
2015,Paramount528-2015,S439,S440,197888,194397,602655,631839,2605263
2015,Paramount652-2015,S466,S467,135857,233753,554404,487492,2605263
2015,Paramount652-2015,S466,S468,143542,243156,554404,515462,2605263
2015,Paramount652-2015,S466,S469,160358,225333,554404,579505,2605263
2015,Paramount652-2015,S466,S470,163710,223160,554404,567382,2605263
2015,Paramount652-2015,S466,S471,180468,216705,554404,563480,2605263
2015,Paramount652-2015,S466,S472,161107,240856,554404,524909,2605263
2015,Paramount652-2015,S467,S468,125152,266103,487492,515462,2605263
2015,Paramount652-2015,S467,S469,139113,264214,487492,579505,2605263
2015,Paramount652-2015,S467,S470,140805,216957,487492,567382,2605263
2015,Paramount652-2015,S467,S471,137540,235889,487492,563480,2605263
2015,Paramount652-2015,S467,S472,119355,259492,487492,524909,2605263
2015,Paramount652-2015,S468,S469,150058,238321,515462,579505,2605263
2015,Paramount652-2015,S468,S470,142148,245189,515462,567382,2605263
2015,Paramount652-2015,S468,S471,142528,237594,515462,563480,2605263
2015,Paramount652-2015,S468,S472,128495,267845,515462,524909,2605263
2015,Paramount652-2015,S469,S470,153484,243540,579505,567382,2605263
2015,Paramount652-2015,S469,S471,169183,214955,579505,563480,2605263
2015,Paramount652-2015,S469,S472,159589,227844,579505,524909,2605263
2015,Paramount652-2015,S470,S471,165249,217352,567382,563480,2605263
2015,Paramount652-2015,S470,S472,157098,223008,567382,524909,2605263
2015,Paramount652-2015,S471,S472,169679,224991,563480,524909,2605263
2019,Alsum18-2019,S1,S2,138965,235844,523390,529793,2612354
2019,Alsum18-2019,S1,S3,141583,248438,523390,549588,2612354
2019,Alsum18-2019,S1,S4,141294,252638,523390,554284,2612354
2019,Alsum18-2019,S1,S5,144974,229142,523390,572739,2612354
2019,Alsum18-2019,S1,S6,139161,238938,523390,558192,2612354
2019,Alsum18-2019,S1,S7,156146,220344,523390,592144,2612354
2019,Alsum18-2019,S2,S3,146566,246441,529793,549588,2612354
2019,Alsum18-2019,S2,S4,144260,238890,529793,554284,2612354
2019,Alsum18-2019,S2,S5,146971,242737,529793,572739,2612354
2019,Alsum18-2019,S2,S6,144738,243551,529793,558192,2612354
2019,Alsum18-2019,S2,S7,153039,231321,529793,592144,2612354
2019,Alsum18-2019,S3,S4,156164,236281,549588,554284,2612354
2019,Alsum18-2019,S3,S5,160935,230175,549588,572739,2612354
2019,Alsum18-2019,S3,S6,146149,248886,549588,558192,2612354
2019,Alsum18-2019,S3,S7,165372,235933,549588,592144,2612354
2019,Alsum18-2019,S4,S5,158006,228531,554284,572739,2612354
2019,Alsum18-2019,S4,S6,159251,225107,554284,558192,2612354
2019,Alsum18-2019,S4,S7,169042,215307,554284,592144,2612354
2019,Alsum18-2019,S5,S6,175855,200307,572739,558192,2612354
2019,Alsum18-2019,S5,S7,174433,209332,572739,592144,2612354
2019,Alsum18-2019,S6,S7,185995,198684,558192,592144,2612354
2019,Alsum59-2019,S29,S30,141893,252439,533325,548363,2612354
2019,Alsum59-2019,S29,S31,110272,305080,533325,424781,2612354
2019,Alsum59-2019,S29,S32,84936,292113,533325,336427,2612354
2019,Alsum59-2019,S29,S33,138167,252607,533325,544122,2612354
2019,Alsum59-2019,S29,S34,132730,259457,533325,516888,2612354
2019,Alsum59-2019,S29,S35,154370,234059,533325,563234,2612354
2019,Alsum59-2019,S30,S31,119233,205404,548363,424781,2612354
2019,Alsum59-2019,S30,S32,97458,253269,548363,336427,2612354
2019,Alsum59-2019,S30,S33,146003,239744,548363,544122,2612354
2019,Alsum59-2019,S30,S34,136412,258076,548363,516888,2612354
2019,Alsum59-2019,S30,S35,144474,246712,548363,563234,2612354
2019,Alsum59-2019,S31,S32,70526,268610,424781,336427,2612354
2019,Alsum59-2019,S31,S33,119539,282397,424781,544122,2612354
2019,Alsum59-2019,S31,S34,105250,307879,424781,516888,2612354
2019,Alsum59-2019,S31,S35,116618,284268,424781,563234,2612354
2019,Alsum59-2019,S32,S33,84553,302859,336427,544122,2612354
2019,Alsum59-2019,S32,S34,84204,311234,336427,516888,2612354
2019,Alsum59-2019,S32,S35,85442,301031,336427,563234,2612354
2019,Alsum59-2019,S33,S34,139563,253588,544122,516888,2612354
2019,Alsum59-2019,S33,S35,152569,237399,544122,563234,2612354
2019,Alsum59-2019,S34,S35,154799,216684,516888,563234,2612354
2019,Arlington-2019,S66,S67,152999,240941,573783,538637,2612354
2019,Arlington-2019,S66,S68,151229,244533,573783,540700,2612354
2019,Arlington-2019,S66,S69,157536,235534,573783,542269,2612354
2019,Arlington-2019,S66,S70,154325,210791,573783,469941,2612354
2019,Arlington-2019,S66,S71,133640,200791,573783,444301,2612354
2019,Arlington-2019,S66,S72,171494,214548,573783,570000,2612354
2019,Arlington-2019,S67,S68,148865,232680,538637,540700,2612354
2019,Arlington-2019,S67,S69,139594,248866,538637,542269,2612354
2019,Arlington-2019,S67,S70,125743,239015,538637,469941,2612354
2019,Arlington-2019,S67,S71,115377,252027,538637,444301,2612354
2019,Arlington-2019,S67,S72,162232,232974,538637,570000,2612354
2019,Arlington-2019,S68,S69,140216,250065,540700,542269,2612354
2019,Arlington-2019,S68,S70,125574,259327,540700,469941,2612354
2019,Arlington-2019,S68,S71,111244,268038,540700,444301,2612354
2019,Arlington-2019,S68,S72,154541,240847,540700,570000,2612354
2019,Arlington-2019,S69,S70,122381,278346,542269,469941,2612354
2019,Arlington-2019,S69,S71,121963,283347,542269,444301,2612354
2019,Arlington-2019,S69,S72,152059,239753,542269,570000,2612354
2019,Arlington-2019,S70,S71,112924,216177,469941,444301,2612354
2019,Arlington-2019,S70,S72,139664,213415,469941,570000,2612354
2019,Arlington-2019,S71,S72,120493,242955,444301,570000,2612354
2019,ColomaBonus4-2019,S93,S94,134773,238878,467046,575184,2612354
2019,ColomaBonus4-2019,S93,S95,129983,249138,467046,551076,2612354
2019,ColomaBonus4-2019,S93,S96,137479,231772,467046,568478,2612354
2019,ColomaBonus4-2019,S93,S97,128535,237514,467046,544602,2612354
2019,ColomaBonus4-2019,S93,S98,115643,313265,467046,519816,2612354
2019,ColomaBonus4-2019,S93,S99,129254,248012,467046,546240,2612354
2019,ColomaBonus4-2019,S94,S95,159589,238406,575184,551076,2612354
2019,ColomaBonus4-2019,S94,S96,166744,222332,575184,568478,2612354
2019,ColomaBonus4-2019,S94,S97,183194,217447,575184,544602,2612354
2019,ColomaBonus4-2019,S94,S98,141067,271418,575184,519816,2612354
2019,ColomaBonus4-2019,S94,S99,162922,224132,575184,546240,2612354
2019,ColomaBonus4-2019,S95,S96,163352,232862,551076,568478,2612354
2019,ColomaBonus4-2019,S95,S97,154026,239779,551076,544602,2612354
2019,ColomaBonus4-2019,S95,S98,139313,272953,551076,519816,2612354
2019,ColomaBonus4-2019,S95,S99,156820,232317,551076,546240,2612354
2019,ColomaBonus4-2019,S96,S97,155936,233193,568478,544602,2612354
2019,ColomaBonus4-2019,S96,S98,138885,278523,568478,519816,2612354
2019,ColomaBonus4-2019,S96,S99,157946,225441,568478,546240,2612354
2019,ColomaBonus4-2019,S97,S98,136204,273211,544602,519816,2612354
2019,ColomaBonus4-2019,S97,S99,152249,238097,544602,546240,2612354
2019,ColomaBonus4-2019,S98,S99,139934,262955,519816,546240,2612354
2019,ColomaBonus-2019,S101,S102,134819,255077,514896,536605,2612354
2019,ColomaBonus-2019,S101,S103,135235,248448,514896,511232,2612354
2019,ColomaBonus-2019,S101,S104,156183,227183,514896,621153,2612354
2019,ColomaBonus-2019,S101,S105,146523,255235,514896,566822,2612354
2019,ColomaBonus-2019,S101,S106,141713,238685,514896,554385,2612354
2019,ColomaBonus-2019,S101,S107,133083,256155,514896,543756,2612354
2019,ColomaBonus-2019,S102,S103,137954,270539,536605,511232,2612354
2019,ColomaBonus-2019,S102,S104,160059,240107,536605,621153,2612354
2019,ColomaBonus-2019,S102,S105,142139,258137,536605,566822,2612354
2019,ColomaBonus-2019,S102,S106,138775,254021,536605,554385,2612354
2019,ColomaBonus-2019,S102,S107,141707,263862,536605,543756,2612354
2019,ColomaBonus-2019,S103,S104,160914,230111,511232,621153,2612354
2019,ColomaBonus-2019,S103,S105,140064,274438,511232,566822,2612354
2019,ColomaBonus-2019,S103,S106,143605,234853,511232,554385,2612354
2019,ColomaBonus-2019,S103,S107,147020,249755,511232,543756,2612354
2019,ColomaBonus-2019,S104,S105,176631,231442,621153,566822,2612354
2019,ColomaBonus-2019,S104,S106,179971,215508,621153,554385,2612354
2019,ColomaBonus-2019,S104,S107,171953,211567,621153,543756,2612354
2019,ColomaBonus-2019,S105,S106,147171,256548,566822,554385,2612354
2019,ColomaBonus-2019,S105,S107,147586,256383,566822,543756,2612354
2019,ColomaBonus-2019,S106,S107,172392,208702,554385,543756,2612354
2019,ColomaLyons-2019,S125,S126,147775,244297,532611,553494,2612354
2019,ColomaLyons-2019,S125,S127,135550,248100,532611,528996,2612354
2019,ColomaLyons-2019,S125,S128,150659,229205,532611,555039,2612354
2019,ColomaLyons-2019,S125,S129,150969,243708,532611,559158,2612354
2019,ColomaLyons-2019,S125,S130,157497,213249,532611,574078,2612354
2019,ColomaLyons-2019,S125,S131,133544,257178,532611,520815,2612354
2019,ColomaLyons-2019,S126,S127,142709,248860,553494,528996,2612354
2019,ColomaLyons-2019,S126,S128,150082,247232,553494,555039,2612354
2019,ColomaLyons-2019,S126,S129,145048,250516,553494,559158,2612354
2019,ColomaLyons-2019,S126,S130,164924,237811,553494,574078,2612354
2019,ColomaLyons-2019,S126,S131,135962,271188,553494,520815,2612354
2019,ColomaLyons-2019,S127,S128,149178,243645,528996,555039,2612354
2019,ColomaLyons-2019,S127,S129,144073,250950,528996,559158,2612354
2019,ColomaLyons-2019,S127,S130,153686,236866,528996,574078,2612354
2019,ColomaLyons-2019,S127,S131,135648,267939,528996,520815,2612354
2019,ColomaLyons-2019,S128,S129,146671,255440,555039,559158,2612354
2019,ColomaLyons-2019,S128,S130,157271,239671,555039,574078,2612354
2019,ColomaLyons-2019,S128,S131,142706,258792,555039,520815,2612354
2019,ColomaLyons-2019,S129,S130,169951,220161,559158,574078,2612354
2019,ColomaLyons-2019,S129,S131,148587,273672,559158,520815,2612354
2019,ColomaLyons-2019,S130,S131,144605,261224,574078,520815,2612354
2019,XMASBig-2019,S139,S140,144248,251825,519981,568380,2612354
2019,XMASBig-2019,S139,S141,134283,264187,519981,547035,2612354
2019,XMASBig-2019,S139,S142,151862,221517,519981,575997,2612354
2019,XMASBig-2019,S139,S143,131104,223184,519981,504306,2612354
2019,XMASBig-2019,S140,S141,153625,242465,568380,547035,2612354
2019,XMASBig-2019,S140,S142,160088,240196,568380,575997,2612354
2019,XMASBig-2019,S140,S143,137505,234770,568380,504306,2612354
2019,XMASBig-2019,S141,S142,152557,248124,547035,575997,2612354
2019,XMASBig-2019,S141,S143,138726,243872,547035,504306,2612354
2019,XMASBig-2019,S142,S143,145210,225481,575997,504306,2612354
2019,OkrayGarrisonNE-2019,S159,S160,153479,230242,543787,539045,2612354
2019,OkrayGarrisonNE-2019,S159,S161,143967,247700,543787,526483,2612354
2019,OkrayGarrisonNE-2019,S159,S162,159952,229678,543787,574712,2612354
2019,OkrayGarrisonNE-2019,S159,S163,145228,261912,543787,562817,2612354
2019,OkrayGarrisonNE-2019,S159,S164,152485,240870,543787,552334,2612354
2019,OkrayGarrisonNE-2019,S159,S165,139788,268427,543787,526113,2612354
2019,OkrayGarrisonNE-2019,S160,S161,148466,247406,539045,526483,2612354
2019,OkrayGarrisonNE-2019,S160,S162,162193,227305,539045,574712,2612354
2019,OkrayGarrisonNE-2019,S160,S163,153613,237600,539045,562817,2612354
2019,OkrayGarrisonNE-2019,S160,S164,149772,238444,539045,552334,2612354
2019,OkrayGarrisonNE-2019,S160,S165,142624,252904,539045,526113,2612354
2019,OkrayGarrisonNE-2019,S161,S162,166195,222934,526483,574712,2612354
2019,OkrayGarrisonNE-2019,S161,S163,154017,240553,526483,562817,2612354
2019,OkrayGarrisonNE-2019,S161,S164,152631,235873,526483,552334,2612354
2019,OkrayGarrisonNE-2019,S161,S165,133709,272750,526483,526113,2612354
2019,OkrayGarrisonNE-2019,S162,S163,162015,246612,574712,562817,2612354
2019,OkrayGarrisonNE-2019,S162,S164,163695,233436,574712,552334,2612354
2019,OkrayGarrisonNE-2019,S162,S165,141053,265820,574712,526113,2612354
2019,OkrayGarrisonNE-2019,S163,S164,158032,247822,562817,552334,2612354
2019,OkrayGarrisonNE-2019,S163,S165,154487,235416,562817,526113,2612354
2019,OkrayGarrisonNE-2019,S164,S165,145734,247247,552334,526113,2612354
2019,OkrayRobacks-2019,S296,S297,164998,225935,566962,554855,2612354
2019,OkrayRobacks-2019,S296,S298,156277,228681,566962,536519,2612354
2019,OkrayRobacks-2019,S296,S299,137058,248251,566962,510281,2612354
2019,OkrayRobacks-2019,S296,S300,155808,228571,566962,539934,2612354
2019,OkrayRobacks-2019,S296,S301,157202,228087,566962,561466,2612354
2019,OkrayRobacks-2019,S296,S302,180717,203738,566962,632624,2612354
2019,OkrayRobacks-2019,S297,S298,146267,249033,554855,536519,2612354
2019,OkrayRobacks-2019,S297,S299,132736,270806,554855,510281,2612354
2019,OkrayRobacks-2019,S297,S300,149237,244803,554855,539934,2612354
2019,OkrayRobacks-2019,S297,S301,155795,232820,554855,561466,2612354
2019,OkrayRobacks-2019,S297,S302,185277,198885,554855,632624,2612354
2019,OkrayRobacks-2019,S298,S299,137151,268236,536519,510281,2612354
2019,OkrayRobacks-2019,S298,S300,149915,230383,536519,539934,2612354
2019,OkrayRobacks-2019,S298,S301,148423,246766,536519,561466,2612354
2019,OkrayRobacks-2019,S298,S302,166441,225806,536519,632624,2612354
2019,OkrayRobacks-2019,S299,S300,140568,211213,510281,539934,2612354
2019,OkrayRobacks-2019,S299,S301,146623,249087,510281,561466,2612354
2019,OkrayRobacks-2019,S299,S302,159419,199023,510281,632624,2612354
2019,OkrayRobacks-2019,S300,S301,161173,214715,539934,561466,2612354
2019,OkrayRobacks-2019,S300,S302,215289,181131,539934,632624,2612354
2019,OkrayRobacks-2019,S301,S302,196302,180050,561466,632624,2612354
2019,OkrayGrosheks40-2019,S304,S305,157959,213320,507258,597568,2612354
2019,OkrayGrosheks40-2019,S304,S306,212600,163797,507258,841466,2612354
2019,OkrayGrosheks40-2019,S304,S307,143104,233631,507258,546279,2612354
2019,OkrayGrosheks40-2019,S304,S308,136255,223554,507258,533679,2612354
2019,OkrayGrosheks40-2019,S304,S309,144559,232865,507258,540017,2612354
2019,OkrayGrosheks40-2019,S304,S310,107174,237483,507258,430926,2612354
2019,OkrayGrosheks40-2019,S305,S306,245811,152118,597568,841466,2612354
2019,OkrayGrosheks40-2019,S305,S307,164906,225359,597568,546279,2612354
2019,OkrayGrosheks40-2019,S305,S308,155967,220825,597568,533679,2612354
2019,OkrayGrosheks40-2019,S305,S309,162861,228909,597568,540017,2612354
2019,OkrayGrosheks40-2019,S305,S310,130505,247201,597568,430926,2612354
2019,OkrayGrosheks40-2019,S306,S307,320879,87684,841466,546279,2612354
2019,OkrayGrosheks40-2019,S306,S308,223512,156058,841466,533679,2612354
2019,OkrayGrosheks40-2019,S306,S309,225126,158246,841466,540017,2612354
2019,OkrayGrosheks40-2019,S306,S310,176612,184580,841466,430926,2612354
2019,OkrayGrosheks40-2019,S307,S308,155261,195722,546279,533679,2612354
2019,OkrayGrosheks40-2019,S307,S309,152207,235403,546279,540017,2612354
2019,OkrayGrosheks40-2019,S307,S310,119441,244885,546279,430926,2612354
2019,OkrayGrosheks40-2019,S308,S309,138100,245206,533679,540017,2612354
2019,OkrayGrosheks40-2019,S308,S310,114314,234098,533679,430926,2612354
2019,OkrayGrosheks40-2019,S309,S310,117767,268145,540017,430926,2612354
2019,OkrayPFWiper-2019,S340,S341,143368,255724,538575,558263,2612354
2019,OkrayPFWiper-2019,S340,S342,126762,284158,538575,472570,2612354
2019,OkrayPFWiper-2019,S340,S343,139963,263847,538575,538478,2612354
2019,OkrayPFWiper-2019,S340,S344,144732,253596,538575,546898,2612354
2019,OkrayPFWiper-2019,S341,S342,130414,287938,558263,472570,2612354
2019,OkrayPFWiper-2019,S341,S343,145232,251285,558263,538478,2612354
2019,OkrayPFWiper-2019,S341,S344,142413,260829,558263,546898,2612354
2019,OkrayPFWiper-2019,S342,S343,127593,274062,472570,538478,2612354
2019,OkrayPFWiper-2019,S342,S344,123179,255211,472570,546898,2612354
2019,OkrayPFWiper-2019,S343,S344,151803,255641,538478,546898,2612354
2019,PloverBrikalskiPats-2019,S354,S355,161994,234513,550094,584706,2612354
2019,PloverBrikalskiPats-2019,S354,S356,146021,241415,550094,532375,2612354
2019,PloverBrikalskiPats-2019,S354,S357,146800,251324,550094,552113,2612354
2019,PloverBrikalskiPats-2019,S354,S358,171462,212249,550094,561841,2612354
2019,PloverBrikalskiPats-2019,S354,S359,148500,253317,550094,563599,2612354
2019,PloverBrikalskiPats-2019,S354,S360,166619,220068,550094,579117,2612354
2019,PloverBrikalskiPats-2019,S355,S356,150583,240886,584706,532375,2612354
2019,PloverBrikalskiPats-2019,S355,S357,183485,208605,584706,552113,2612354
2019,PloverBrikalskiPats-2019,S355,S358,159349,245807,584706,561841,2612354
2019,PloverBrikalskiPats-2019,S355,S359,160673,240867,584706,563599,2612354
2019,PloverBrikalskiPats-2019,S355,S360,186029,203764,584706,579117,2612354
2019,PloverBrikalskiPats-2019,S356,S357,143813,254409,532375,552113,2612354
2019,PloverBrikalskiPats-2019,S356,S358,138315,277577,532375,561841,2612354
2019,PloverBrikalskiPats-2019,S356,S359,149192,250737,532375,563599,2612354
2019,PloverBrikalskiPats-2019,S356,S360,155834,232435,532375,579117,2612354
2019,PloverBrikalskiPats-2019,S357,S358,150385,252174,552113,561841,2612354
2019,PloverBrikalskiPats-2019,S357,S359,152589,241154,552113,563599,2612354
2019,PloverBrikalskiPats-2019,S357,S360,167399,213373,552113,579117,2612354
2019,PloverBrikalskiPats-2019,S358,S359,159288,235925,561841,563599,2612354
2019,PloverBrikalskiPats-2019,S358,S360,163071,232606,561841,579117,2612354
2019,PloverBrikalskiPats-2019,S359,S360,161633,230574,563599,579117,2612354
2019,PloverDaveBrSE-2019,S378,S379,136418,272941,543243,510837,2612354
2019,PloverDaveBrSE-2019,S378,S380,136597,270464,543243,528369,2612354
2019,PloverDaveBrSE-2019,S378,S381,123572,289900,543243,492057,2612354
2019,PloverDaveBrSE-2019,S378,S382,151130,252804,543243,544596,2612354
2019,PloverDaveBrSE-2019,S378,S383,155465,242359,543243,587014,2612354
2019,PloverDaveBrSE-2019,S378,S384,158878,250914,543243,593079,2612354
2019,PloverDaveBrSE-2019,S379,S380,147243,223076,510837,528369,2612354
2019,PloverDaveBrSE-2019,S379,S381,129831,229035,510837,492057,2612354
2019,PloverDaveBrSE-2019,S379,S382,142449,233410,510837,544596,2612354
2019,PloverDaveBrSE-2019,S379,S383,149391,224308,510837,587014,2612354
2019,PloverDaveBrSE-2019,S379,S384,151906,255114,510837,593079,2612354
2019,PloverDaveBrSE-2019,S380,S381,143421,215691,528369,492057,2612354
2019,PloverDaveBrSE-2019,S380,S382,144953,237993,528369,544596,2612354
2019,PloverDaveBrSE-2019,S380,S383,147635,238033,528369,587014,2612354
2019,PloverDaveBrSE-2019,S380,S384,147321,258317,528369,593079,2612354
2019,PloverDaveBrSE-2019,S381,S382,133179,248340,492057,544596,2612354
2019,PloverDaveBrSE-2019,S381,S383,139144,229367,492057,587014,2612354
2019,PloverDaveBrSE-2019,S381,S384,149375,242858,492057,593079,2612354
2019,PloverDaveBrSE-2019,S382,S383,170654,216370,544596,587014,2612354
2019,PloverDaveBrSE-2019,S382,S384,171585,230490,544596,593079,2612354
2019,PloverDaveBrSE-2019,S383,S384,184310,209077,587014,593079,2612354
2019,Wysocki1129-2019,S402,S403,152066,245547,574880,547808,2612354
2019,Wysocki1129-2019,S402,S404,158849,230263,574880,552475,2612354
2019,Wysocki1129-2019,S402,S405,132310,229467,574880,474083,2612354
2019,Wysocki1129-2019,S402,S406,151573,248265,574880,530792,2612354
2019,Wysocki1129-2019,S402,S407,140665,238927,574880,491187,2612354
2019,Wysocki1129-2019,S402,S408,154423,251430,574880,566194,2612354
2019,Wysocki1129-2019,S403,S404,145594,242008,547808,552475,2612354
2019,Wysocki1129-2019,S403,S405,130177,263138,547808,474083,2612354
2019,Wysocki1129-2019,S403,S406,138767,253761,547808,530792,2612354
2019,Wysocki1129-2019,S403,S407,134771,257008,547808,491187,2612354
2019,Wysocki1129-2019,S403,S408,159477,237095,547808,566194,2612354
2019,Wysocki1129-2019,S404,S405,131051,237382,552475,474083,2612354
2019,Wysocki1129-2019,S404,S406,158471,221447,552475,530792,2612354
2019,Wysocki1129-2019,S404,S407,138562,216546,552475,491187,2612354
2019,Wysocki1129-2019,S404,S408,145912,267632,552475,566194,2612354
2019,Wysocki1129-2019,S405,S406,127075,265358,474083,530792,2612354
2019,Wysocki1129-2019,S405,S407,122545,242265,474083,491187,2612354
2019,Wysocki1129-2019,S405,S408,121459,296123,474083,566194,2612354
2019,Wysocki1129-2019,S406,S407,130476,259018,530792,491187,2612354
2019,Wysocki1129-2019,S406,S408,142794,267266,530792,566194,2612354
2019,Wysocki1129-2019,S407,S408,132745,277258,491187,566194,2612354
2019,Wysocki438-2019,S426,S427,143724,245663,547841,533512,2612354
2019,Wysocki438-2019,S426,S428,146013,250931,547841,535091,2612354
2019,Wysocki438-2019,S426,S429,149705,227336,547841,534480,2612354
2019,Wysocki438-2019,S426,S430,125576,235659,547841,484510,2612354
2019,Wysocki438-2019,S426,S431,144491,242071,547841,506220,2612354
2019,Wysocki438-2019,S426,S432,160894,230656,547841,559366,2612354
2019,Wysocki438-2019,S427,S428,153604,242886,533512,535091,2612354
2019,Wysocki438-2019,S427,S429,147643,224113,533512,534480,2612354
2019,Wysocki438-2019,S427,S430,122582,254706,533512,484510,2612354
2019,Wysocki438-2019,S427,S431,132808,263177,533512,506220,2612354
2019,Wysocki438-2019,S427,S432,149748,240278,533512,559366,2612354
2019,Wysocki438-2019,S428,S429,155395,227746,535091,534480,2612354
2019,Wysocki438-2019,S428,S430,122980,270290,535091,484510,2612354
2019,Wysocki438-2019,S428,S431,137808,252898,535091,506220,2612354
2019,Wysocki438-2019,S428,S432,161155,226521,535091,559366,2612354
2019,Wysocki438-2019,S429,S430,139636,207970,534480,484510,2612354
2019,Wysocki438-2019,S429,S431,134065,217812,534480,506220,2612354
2019,Wysocki438-2019,S429,S432,165873,206575,534480,559366,2612354
2019,Wysocki438-2019,S430,S431,131692,216830,484510,506220,2612354
2019,Wysocki438-2019,S430,S432,128113,225466,484510,559366,2612354
2019,Wysocki438-2019,S431,S432,159987,211062,506220,559366,2612354
2019,Wysocki563-2019,S450,S451,159062,229065,561761,545058,2612354
2019,Wysocki563-2019,S450,S452,158932,231662,561761,535073,2612354
2019,Wysocki563-2019,S450,S453,133485,232088,561761,476932,2612354
2019,Wysocki563-2019,S450,S454,155747,233435,561761,535324,2612354
2019,Wysocki563-2019,S450,S455,147517,241713,561761,525505,2612354
2019,Wysocki563-2019,S450,S456,147356,231902,561761,519379,2612354
2019,Wysocki563-2019,S451,S452,152485,241247,545058,535073,2612354
2019,Wysocki563-2019,S451,S453,121474,264290,545058,476932,2612354
2019,Wysocki563-2019,S451,S454,148658,248128,545058,535324,2612354
2019,Wysocki563-2019,S451,S455,142270,246195,545058,525505,2612354
2019,Wysocki563-2019,S451,S456,138660,242134,545058,519379,2612354
2019,Wysocki563-2019,S452,S453,121885,231562,535073,476932,2612354
2019,Wysocki563-2019,S452,S454,148987,249860,535073,535324,2612354
2019,Wysocki563-2019,S452,S455,147293,235039,535073,525505,2612354
2019,Wysocki563-2019,S452,S456,143245,234281,535073,519379,2612354
2019,Wysocki563-2019,S453,S454,126135,260473,476932,535324,2612354
2019,Wysocki563-2019,S453,S455,122647,232923,476932,525505,2612354
2019,Wysocki563-2019,S453,S456,123256,251871,476932,519379,2612354
2019,Wysocki563-2019,S454,S455,142725,240035,535324,525505,2612354
2019,Wysocki563-2019,S454,S456,138714,250325,535324,519379,2612354
2019,Wysocki563-2019,S455,S456,131274,242612,525505,519379,2612354
2019,Wysocki570-2019,S458,S459,124643,226844,542825,477584,2612354
2019,Wysocki570-2019,S458,S460,148052,238175,542825,536846,2612354
2019,Wysocki570-2019,S458,S461,128130,277923,542825,510369,2612354
2019,Wysocki570-2019,S458,S462,168577,227418,542825,536088,2612354
2019,Wysocki570-2019,S458,S463,139569,245121,542825,528969,2612354
2019,Wysocki570-2019,S458,S464,161657,232082,542825,529034,2612354
2019,Wysocki570-2019,S459,S460,119913,253723,477584,536846,2612354
2019,Wysocki570-2019,S459,S461,113131,310157,477584,510369,2612354
2019,Wysocki570-2019,S459,S462,130767,247118,477584,536088,2612354
2019,Wysocki570-2019,S459,S463,119870,289323,477584,528969,2612354
2019,Wysocki570-2019,S459,S464,123266,230081,477584,529034,2612354
2019,Wysocki570-2019,S460,S461,134030,263204,536846,510369,2612354
2019,Wysocki570-2019,S460,S462,141959,250097,536846,536088,2612354
2019,Wysocki570-2019,S460,S463,144747,244941,536846,528969,2612354
2019,Wysocki570-2019,S460,S464,149186,237016,536846,529034,2612354
2019,Wysocki570-2019,S461,S462,131736,272953,510369,536088,2612354
2019,Wysocki570-2019,S461,S463,131928,252907,510369,528969,2612354
2019,Wysocki570-2019,S461,S464,129875,267782,510369,529034,2612354
2019,Wysocki570-2019,S462,S463,134937,253576,536088,528969,2612354
2019,Wysocki570-2019,S462,S464,135675,258115,536088,529034,2612354
2019,Wysocki570-2019,S463,S464,138569,245325,528969,529034,2612354
2023,Alsum18-2023,S21,S22,246015,125841,556959,685924,2636072
2023,Alsum18-2023,S21,S23,150643,235048,556959,546365,2636072
2023,Alsum18-2023,S21,S24,141126,235220,556959,518859,2636072
2023,Alsum18-2023,S21,S25,135140,242113,556959,496630,2636072
2023,Alsum18-2023,S21,S26,142869,223375,556959,524412,2636072
2023,Alsum18-2023,S21,S27,176062,193428,556959,629672,2636072
2023,Alsum18-2023,S22,S23,185253,196973,685924,546365,2636072
2023,Alsum18-2023,S22,S24,175621,201300,685924,518859,2636072
2023,Alsum18-2023,S22,S25,174298,198231,685924,496630,2636072
2023,Alsum18-2023,S22,S26,183489,187600,685924,524412,2636072
2023,Alsum18-2023,S22,S27,221804,163203,685924,629672,2636072
2023,Alsum18-2023,S23,S24,146874,226060,546365,518859,2636072
2023,Alsum18-2023,S23,S25,142683,243760,546365,496630,2636072
2023,Alsum18-2023,S23,S26,142037,216346,546365,524412,2636072
2023,Alsum18-2023,S23,S27,169893,193828,546365,629672,2636072
2023,Alsum18-2023,S24,S25,134585,248218,518859,496630,2636072
2023,Alsum18-2023,S24,S26,132942,236892,518859,524412,2636072
2023,Alsum18-2023,S24,S27,161458,209309,518859,629672,2636072
2023,Alsum18-2023,S25,S26,130406,249759,496630,524412,2636072
2023,Alsum18-2023,S25,S27,159652,216698,496630,629672,2636072
2023,Alsum18-2023,S26,S27,356277,44393,524412,629672,2636072
2023,Alsum59-2023,S45,S46,151180,199803,510615,593752,2636072
2023,Alsum59-2023,S45,S47,142240,221166,510615,554988,2636072
2023,Alsum59-2023,S45,S48,147104,224013,510615,581271,2636072
2023,Alsum59-2023,S45,S49,130491,224997,510615,525116,2636072
2023,Alsum59-2023,S45,S50,131984,230461,510615,502639,2636072
2023,Alsum59-2023,S45,S51,133365,242506,510615,535110,2636072
2023,Alsum59-2023,S46,S47,169940,221059,593752,554988,2636072
2023,Alsum59-2023,S46,S48,185917,215014,593752,581271,2636072
2023,Alsum59-2023,S46,S49,163352,223562,593752,525116,2636072
2023,Alsum59-2023,S46,S50,143745,239686,593752,502639,2636072
2023,Alsum59-2023,S46,S51,167839,216201,593752,535110,2636072
2023,Alsum59-2023,S47,S48,166290,221137,554988,581271,2636072
2023,Alsum59-2023,S47,S49,146282,228006,554988,525116,2636072
2023,Alsum59-2023,S47,S50,142303,222857,554988,502639,2636072
2023,Alsum59-2023,S47,S51,143735,240422,554988,535110,2636072
2023,Alsum59-2023,S48,S49,155407,252228,581271,525116,2636072
2023,Alsum59-2023,S48,S50,144116,222478,581271,502639,2636072
2023,Alsum59-2023,S48,S51,161500,226202,581271,535110,2636072
2023,Alsum59-2023,S49,S50,126954,251517,525116,502639,2636072
2023,Alsum59-2023,S49,S51,154608,248935,525116,535110,2636072
2023,Alsum59-2023,S50,S51,136035,222629,502639,535110,2636072
2023,Arlington-2023,S58,S59,149820,240680,532572,536480,2636072
2023,Arlington-2023,S58,S60,139264,251811,532572,554824,2636072
2023,Arlington-2023,S58,S61,142579,246300,532572,555974,2636072
2023,Arlington-2023,S58,S62,148324,246746,532572,568715,2636072
2023,Arlington-2023,S58,S63,141358,270087,532572,505990,2636072
2023,Arlington-2023,S58,S64,139183,258221,532572,548395,2636072
2023,Arlington-2023,S59,S60,152425,236618,536480,554824,2636072
2023,Arlington-2023,S59,S61,147052,242279,536480,555974,2636072
2023,Arlington-2023,S59,S62,157895,224680,536480,568715,2636072
2023,Arlington-2023,S59,S63,139211,259061,536480,505990,2636072
2023,Arlington-2023,S59,S64,149008,226168,536480,548395,2636072
2023,Arlington-2023,S60,S61,156984,240138,554824,555974,2636072
2023,Arlington-2023,S60,S62,167594,226220,554824,568715,2636072
2023,Arlington-2023,S60,S63,147798,246945,554824,505990,2636072
2023,Arlington-2023,S60,S64,148719,238292,554824,548395,2636072
2023,Arlington-2023,S61,S62,162107,240059,555974,568715,2636072
2023,Arlington-2023,S61,S63,133711,274704,555974,505990,2636072
2023,Arlington-2023,S61,S64,158842,255912,555974,548395,2636072
2023,Arlington-2023,S62,S63,158738,228206,568715,505990,2636072
2023,Arlington-2023,S62,S64,157931,222837,568715,548395,2636072
2023,Arlington-2023,S63,S64,148364,256010,505990,548395,2636072
2023,C5-2023,S77,S78,135769,252266,525749,519485,2636072
2023,C5-2023,S77,S79,132832,265218,525749,534341,2636072
2023,C5-2023,S77,S80,142532,255682,525749,552267,2636072
2023,C5-2023,S77,S81,126926,270541,525749,502033,2636072
2023,C5-2023,S77,S82,144368,246821,525749,542913,2636072
2023,C5-2023,S77,S83,121376,272963,525749,469219,2636072
2023,C5-2023,S78,S79,131566,272032,519485,534341,2636072
2023,C5-2023,S78,S80,143922,240934,519485,552267,2636072
2023,C5-2023,S78,S81,125537,276572,519485,502033,2636072
2023,C5-2023,S78,S82,138299,260289,519485,542913,2636072
2023,C5-2023,S78,S83,113724,287864,519485,469219,2636072
2023,C5-2023,S79,S80,139338,261331,534341,552267,2636072
2023,C5-2023,S79,S81,135228,219749,534341,502033,2636072
2023,C5-2023,S79,S82,148447,236469,534341,542913,2636072
2023,C5-2023,S79,S83,122095,243137,534341,469219,2636072
2023,C5-2023,S80,S81,134966,272591,552267,502033,2636072
2023,C5-2023,S80,S82,147246,247450,552267,542913,2636072
2023,C5-2023,S80,S83,124147,282202,552267,469219,2636072
2023,C5-2023,S81,S82,140702,234236,502033,542913,2636072
2023,C5-2023,S81,S83,118208,240685,502033,469219,2636072
2023,C5-2023,S82,S83,126792,233071,542913,469219,2636072
2023,C44-L15-2023,S109,S110,141765,251767,517937,527785,2636072
2023,C44-L15-2023,S109,S111,141214,254139,517937,550449,2636072
2023,C44-L15-2023,S109,S112,148762,256787,517937,550352,2636072
2023,C44-L15-2023,S109,S113,134134,268425,517937,511287,2636072
2023,C44-L15-2023,S109,S114,116924,302010,517937,449424,2636072
2023,C44-L15-2023,S109,S115,148050,242668,517937,556558,2636072
2023,C44-L15-2023,S110,S111,137516,250124,527785,550449,2636072
2023,C44-L15-2023,S110,S112,136036,274218,527785,550352,2636072
2023,C44-L15-2023,S110,S113,134237,250830,527785,511287,2636072
2023,C44-L15-2023,S110,S114,118062,296636,527785,449424,2636072
2023,C44-L15-2023,S110,S115,154325,241015,527785,556558,2636072
2023,C44-L15-2023,S111,S112,146753,245278,550449,550352,2636072
2023,C44-L15-2023,S111,S113,139103,248896,550449,511287,2636072
2023,C44-L15-2023,S111,S114,127060,207455,550449,449424,2636072
2023,C44-L15-2023,S111,S115,149933,257588,550449,556558,2636072
2023,C44-L15-2023,S112,S113,142494,251471,550352,511287,2636072
2023,C44-L15-2023,S112,S114,122820,304674,550352,449424,2636072
2023,C44-L15-2023,S112,S115,151828,244446,550352,556558,2636072
2023,C44-L15-2023,S113,S114,116251,297470,511287,449424,2636072
2023,C44-L15-2023,S113,S115,136086,264316,511287,556558,2636072
2023,C44-L15-2023,S114,S115,120819,295404,449424,556558,2636072
2023,Aartz-2023,S133,S134,164077,229687,550315,542959,2636072
2023,Aartz-2023,S133,S135,147172,248284,550315,557143,2636072
2023,Aartz-2023,S133,S136,147965,250678,550315,543438,2636072
2023,Aartz-2023,S133,S137,135651,260532,550315,538444,2636072
2023,Aartz-2023,S134,S135,151135,249670,542959,557143,2636072
2023,Aartz-2023,S134,S136,147097,248671,542959,543438,2636072
2023,Aartz-2023,S134,S137,142348,248498,542959,538444,2636072
2023,Aartz-2023,S135,S136,142156,253448,557143,543438,2636072
2023,Aartz-2023,S135,S137,144079,247685,557143,538444,2636072
2023,Aartz-2023,S136,S137,154249,230016,543438,538444,2636072
2023,XMASBig-2023,S145,S146,160249,238363,571572,555650,2636072
2023,XMASBig-2023,S145,S147,190844,212528,571572,569132,2636072
2023,XMASBig-2023,S145,S148,164844,236718,571572,589578,2636072
2023,XMASBig-2023,S145,S149,149132,259864,571572,542007,2636072
2023,XMASBig-2023,S146,S147,153035,238536,555650,569132,2636072
2023,XMASBig-2023,S146,S148,157521,238649,555650,589578,2636072
2023,XMASBig-2023,S146,S149,142746,253646,555650,542007,2636072
2023,XMASBig-2023,S147,S148,165943,237142,569132,589578,2636072
2023,XMASBig-2023,S147,S149,155053,244598,569132,542007,2636072
2023,XMASBig-2023,S148,S149,157140,235111,589578,542007,2636072
2023,GarrisonNE-2023,S167,S168,143858,251290,538901,569193,2636072
2023,GarrisonNE-2023,S167,S169,144417,243925,538901,558591,2636072
2023,GarrisonNE-2023,S167,S170,132372,272422,538901,487817,2636072
2023,GarrisonNE-2023,S167,S171,155386,238214,538901,562727,2636072
2023,GarrisonNE-2023,S167,S172,139132,256190,538901,516663,2636072
2023,GarrisonNE-2023,S167,S173,130943,255208,538901,528343,2636072
2023,GarrisonNE-2023,S168,S169,165325,232310,569193,558591,2636072
2023,GarrisonNE-2023,S168,S170,144719,205617,569193,487817,2636072
2023,GarrisonNE-2023,S168,S171,157142,237381,569193,562727,2636072
2023,GarrisonNE-2023,S168,S172,138602,235151,569193,516663,2636072
2023,GarrisonNE-2023,S168,S173,140790,241549,569193,528343,2636072
2023,GarrisonNE-2023,S169,S170,127312,257287,558591,487817,2636072
2023,GarrisonNE-2023,S169,S171,151577,251118,558591,562727,2636072
2023,GarrisonNE-2023,S169,S172,135592,255929,558591,516663,2636072
2023,GarrisonNE-2023,S169,S173,138585,247982,558591,528343,2636072
2023,GarrisonNE-2023,S170,S171,135420,256159,487817,562727,2636072
2023,GarrisonNE-2023,S170,S172,118191,284823,487817,516663,2636072
2023,GarrisonNE-2023,S170,S173,116651,284739,487817,528343,2636072
2023,GarrisonNE-2023,S171,S172,135722,260365,562727,516663,2636072
2023,GarrisonNE-2023,S171,S173,136398,250126,562727,528343,2636072
2023,GarrisonNE-2023,S172,S173,137464,239867,516663,528343,2636072
2023,H10-2023,S185,S186,140702,248864,531535,548903,2636072
2023,H10-2023,S185,S187,148967,249613,531535,546179,2636072
2023,H10-2023,S185,S188,150748,228233,531535,541856,2636072
2023,H10-2023,S185,S189,155310,230349,531535,592319,2636072
2023,H10-2023,S185,S190,139328,252038,531535,545905,2636072
2023,H10-2023,S185,S191,139994,259844,531535,545666,2636072
2023,H10-2023,S186,S187,152619,234731,548903,546179,2636072
2023,H10-2023,S186,S188,149494,236153,548903,541856,2636072
2023,H10-2023,S186,S189,165316,220116,548903,592319,2636072
2023,H10-2023,S186,S190,149411,234604,548903,545905,2636072
2023,H10-2023,S186,S191,148889,236694,548903,545666,2636072
2023,H10-2023,S187,S188,147182,243637,546179,541856,2636072
2023,H10-2023,S187,S189,170740,208914,546179,592319,2636072
2023,H10-2023,S187,S190,141254,252334,546179,545905,2636072
2023,H10-2023,S187,S191,152773,229341,546179,545666,2636072
2023,H10-2023,S188,S189,161081,227780,541856,592319,2636072
2023,H10-2023,S188,S190,145031,250103,541856,545905,2636072
2023,H10-2023,S188,S191,139286,259318,541856,545666,2636072
2023,H10-2023,S189,S190,154121,240054,592319,545905,2636072
2023,H10-2023,S189,S191,183431,197827,592319,545666,2636072
2023,H10-2023,S190,S191,139409,263678,545905,545666,2636072
2023,H15-2023,S206,S207,142638,242079,551849,548256,2636072
2023,H15-2023,S206,S208,143329,241474,551849,543377,2636072
2023,H15-2023,S206,S209,117420,243821,551849,454205,2636072
2023,H15-2023,S206,S210,164062,220445,551849,566476,2636072
2023,H15-2023,S206,S211,156062,214968,551849,538018,2636072
2023,H15-2023,S206,S212,58388,315603,551849,212603,2636072
2023,H15-2023,S207,S208,148608,252984,548256,543377,2636072
2023,H15-2023,S207,S209,121421,304276,548256,454205,2636072
2023,H15-2023,S207,S210,153487,253761,548256,566476,2636072
2023,H15-2023,S207,S211,145180,247464,548256,538018,2636072
2023,H15-2023,S207,S212,53059,359937,548256,212603,2636072
2023,H15-2023,S208,S209,121332,283860,543377,454205,2636072
2023,H15-2023,S208,S210,153695,233507,543377,566476,2636072
2023,H15-2023,S208,S211,145748,243518,543377,538018,2636072
2023,H15-2023,S208,S212,55115,350680,543377,212603,2636072
2023,H15-2023,S209,S210,152431,172639,454205,566476,2636072
2023,H15-2023,S209,S211,120040,238688,454205,538018,2636072
2023,H15-2023,S209,S212,44288,404309,454205,212603,2636072
2023,H15-2023,S210,S211,159192,233434,566476,538018,2636072
2023,H15-2023,S210,S212,59692,345277,566476,212603,2636072
2023,H15-2023,S211,S212,54291,345091,538018,212603,2636072
2023,H41-2023,S219,S220,155224,216519,566226,538953,2636072
2023,H41-2023,S219,S221,2694,386142,566226,10015,2636072
2023,H41-2023,S219,S222,31086,349377,566226,110644,2636072
2023,H41-2023,S219,S223,79702,286912,566226,277160,2636072
2023,H41-2023,S219,S224,153229,225969,566226,550636,2636072
2023,H41-2023,S219,S225,147262,226746,566226,535163,2636072
2023,H41-2023,S220,S221,2535,397648,538953,10015,2636072
2023,H41-2023,S220,S222,29714,362370,538953,110644,2636072
2023,H41-2023,S220,S223,74403,299776,538953,277160,2636072
2023,H41-2023,S220,S224,144905,239387,538953,550636,2636072
2023,H41-2023,S220,S225,145463,224960,538953,535163,2636072
2023,H41-2023,S221,S222,1398,35122,10015,110644,2636072
2023,H41-2023,S221,S223,2944,101028,10015,277160,2636072
2023,H41-2023,S221,S224,2514,430198,10015,550636,2636072
2023,H41-2023,S221,S225,2587,413055,10015,535163,2636072
2023,H41-2023,S222,S223,31172,93462,110644,277160,2636072
2023,H41-2023,S222,S224,29077,391278,110644,550636,2636072
2023,H41-2023,S222,S225,30625,376327,110644,535163,2636072
2023,H41-2023,S223,S224,71581,325158,277160,550636,2636072
2023,H41-2023,S223,S225,74101,312079,277160,535163,2636072
2023,H41-2023,S224,S225,145750,235586,550636,535163,2636072
2023,H66-2023,S250,S251,123003,259824,512649,502047,2636072
2023,H66-2023,S250,S252,137400,232910,512649,534908,2636072
2023,H66-2023,S250,S253,129262,239088,512649,478568,2636072
2023,H66-2023,S250,S254,145580,241883,512649,559648,2636072
2023,H66-2023,S250,S255,103422,306797,512649,416597,2636072
2023,H66-2023,S250,S256,132088,242167,512649,537011,2636072
2023,H66-2023,S250,S257,142017,267649,512649,550823,2636072
2023,H66-2023,S250,S258,140370,232260,512649,539374,2636072
2023,H66-2023,S250,S259,141122,249832,512649,557912,2636072
2023,H66-2023,S250,S260,146385,232393,512649,569284,2636072
2023,H66-2023,S251,S252,135117,245664,502047,534908,2636072
2023,H66-2023,S251,S253,123226,224041,502047,478568,2636072
2023,H66-2023,S251,S254,148724,251957,502047,559648,2636072
2023,H66-2023,S251,S255,99314,311235,502047,416597,2636072
2023,H66-2023,S251,S256,132957,260481,502047,537011,2636072
2023,H66-2023,S251,S257,131849,283698,502047,550823,2636072
2023,H66-2023,S251,S258,133190,250355,502047,539374,2636072
2023,H66-2023,S251,S259,140519,265041,502047,557912,2636072
2023,H66-2023,S251,S260,151706,210636,502047,569284,2636072
2023,H66-2023,S252,S253,133542,238622,534908,478568,2636072
2023,H66-2023,S252,S254,154784,248775,534908,559648,2636072
2023,H66-2023,S252,S255,107120,296400,534908,416597,2636072
2023,H66-2023,S252,S256,146883,234628,534908,537011,2636072
2023,H66-2023,S252,S257,152772,246016,534908,550823,2636072
2023,H66-2023,S252,S258,147009,229301,534908,539374,2636072
2023,H66-2023,S252,S259,153482,251059,534908,557912,2636072
2023,H66-2023,S252,S260,158231,227536,534908,569284,2636072
2023,H66-2023,S253,S254,130652,267465,478568,559648,2636072
2023,H66-2023,S253,S255,101329,317122,478568,416597,2636072
2023,H66-2023,S253,S256,121445,258323,478568,537011,2636072
2023,H66-2023,S253,S257,124000,298391,478568,550823,2636072
2023,H66-2023,S253,S258,130261,248870,478568,539374,2636072
2023,H66-2023,S253,S259,126103,258253,478568,557912,2636072
2023,H66-2023,S253,S260,140187,215953,478568,569284,2636072
2023,H66-2023,S254,S255,116698,277708,559648,416597,2636072
2023,H66-2023,S254,S256,144113,257031,559648,537011,2636072
2023,H66-2023,S254,S257,143385,254197,559648,550823,2636072
2023,H66-2023,S254,S258,147848,246029,559648,539374,2636072
2023,H66-2023,S254,S259,162400,236741,559648,557912,2636072
2023,H66-2023,S254,S260,162855,242845,559648,569284,2636072
2023,H66-2023,S255,S256,106405,287007,416597,537011,2636072
2023,H66-2023,S255,S257,103410,289987,416597,550823,2636072
2023,H66-2023,S255,S258,105692,297226,416597,539374,2636072
2023,H66-2023,S255,S259,112091,257931,416597,557912,2636072
2023,H66-2023,S255,S260,111002,284999,416597,569284,2636072
2023,H66-2023,S256,S257,148676,250811,537011,550823,2636072
2023,H66-2023,S256,S258,159527,223801,537011,539374,2636072
2023,H66-2023,S256,S259,148517,249561,537011,557912,2636072
2023,H66-2023,S256,S260,179715,212461,537011,569284,2636072
2023,H66-2023,S257,S258,140508,265462,550823,539374,2636072
2023,H66-2023,S257,S259,149171,244778,550823,557912,2636072
2023,H66-2023,S257,S260,146584,261921,550823,569284,2636072
2023,H66-2023,S258,S259,146759,247685,539374,557912,2636072
2023,H66-2023,S258,S260,160355,219730,539374,569284,2636072
2023,H66-2023,S259,S260,167535,233688,557912,569284,2636072
2023,Du-2023,S288,S289,122947,306742,446715,578360,2636072
2023,Du-2023,S288,S290,120686,303265,446715,575163,2636072
2023,Du-2023,S288,S291,142539,172171,446715,622554,2636072
2023,Du-2023,S288,S292,154711,173768,446715,602976,2636072
2023,Du-2023,S288,S293,141500,229987,446715,676967,2636072
2023,Du-2023,S288,S294,128569,236805,446715,569693,2636072
2023,Du-2023,S289,S290,173033,209732,578360,575163,2636072
2023,Du-2023,S289,S291,172273,228715,578360,622554,2636072
2023,Du-2023,S289,S292,167487,244777,578360,602976,2636072
2023,Du-2023,S289,S293,192580,213289,578360,676967,2636072
2023,Du-2023,S289,S294,159621,246992,578360,569693,2636072
2023,Du-2023,S290,S291,168441,236984,575163,622554,2636072
2023,Du-2023,S290,S292,169842,242650,575163,602976,2636072
2023,Du-2023,S290,S293,192219,210650,575163,676967,2636072
2023,Du-2023,S290,S294,165353,236548,575163,569693,2636072
2023,Du-2023,S291,S292,197706,179492,622554,602976,2636072
2023,Du-2023,S291,S293,215373,189434,622554,676967,2636072
2023,Du-2023,S291,S294,183006,207935,622554,569693,2636072
2023,Du-2023,S292,S293,196084,184903,602976,676967,2636072
2023,Du-2023,S292,S294,163337,210377,602976,569693,2636072
2023,Du-2023,S293,S294,195358,197475,676967,569693,2636072
2023,OkrayGrosheks40-2023,S312,S313,167696,224176,564697,555858,2636072
2023,OkrayGrosheks40-2023,S312,S314,174028,217236,564697,585317,2636072
2023,OkrayGrosheks40-2023,S312,S315,147634,237377,564697,535867,2636072
2023,OkrayGrosheks40-2023,S312,S316,162102,235937,564697,559257,2636072
2023,OkrayGrosheks40-2023,S312,S317,160908,229075,564697,573776,2636072
2023,OkrayGrosheks40-2023,S312,S318,160978,230756,564697,556083,2636072
2023,OkrayGrosheks40-2023,S313,S314,166698,221878,555858,585317,2636072
2023,OkrayGrosheks40-2023,S313,S315,150124,232963,555858,535867,2636072
2023,OkrayGrosheks40-2023,S313,S316,158810,222683,555858,559257,2636072
2023,OkrayGrosheks40-2023,S313,S317,163233,222127,555858,573776,2636072
2023,OkrayGrosheks40-2023,S313,S318,163121,221732,555858,556083,2636072
2023,OkrayGrosheks40-2023,S314,S315,156993,231990,585317,535867,2636072
2023,OkrayGrosheks40-2023,S314,S316,170628,230160,585317,559257,2636072
2023,OkrayGrosheks40-2023,S314,S317,165988,228632,585317,573776,2636072
2023,OkrayGrosheks40-2023,S314,S318,172063,222812,585317,556083,2636072
2023,OkrayGrosheks40-2023,S315,S316,151641,244289,535867,559257,2636072
2023,OkrayGrosheks40-2023,S315,S317,150238,228069,535867,573776,2636072
2023,OkrayGrosheks40-2023,S315,S318,146146,234120,535867,556083,2636072
2023,OkrayGrosheks40-2023,S316,S317,173697,223449,559257,573776,2636072
2023,OkrayGrosheks40-2023,S316,S318,159153,232247,559257,556083,2636072
2023,OkrayGrosheks40-2023,S317,S318,161654,232385,573776,556083,2636072
2023,LaszSE-O14-2023,S328,S329,176387,222696,585309,589032,2636072
2023,LaszSE-O14-2023,S328,S330,165287,237838,585309,590912,2636072
2023,LaszSE-O14-2023,S328,S331,157751,244375,585309,544352,2636072
2023,LaszSE-O14-2023,S328,S332,170224,228685,585309,600580,2636072
2023,LaszSE-O14-2023,S329,S330,160991,245148,589032,590912,2636072
2023,LaszSE-O14-2023,S329,S331,166658,226524,589032,544352,2636072
2023,LaszSE-O14-2023,S329,S332,177971,220253,589032,600580,2636072
2023,LaszSE-O14-2023,S330,S331,154396,246121,590912,544352,2636072
2023,LaszSE-O14-2023,S330,S332,179552,221616,590912,600580,2636072
2023,LaszSE-O14-2023,S331,S332,173700,219724,544352,600580,2636072
2023,BrikalskiPats-2023,S370,S371,131718,222735,495013,559380,2636072
2023,BrikalskiPats-2023,S370,S372,127021,297040,495013,550550,2636072
2023,BrikalskiPats-2023,S370,S373,131902,271387,495013,556865,2636072
2023,BrikalskiPats-2023,S370,S374,131183,245541,495013,558075,2636072
2023,BrikalskiPats-2023,S370,S375,137510,222640,495013,570037,2636072
2023,BrikalskiPats-2023,S370,S376,144580,239043,495013,590205,2636072
2023,BrikalskiPats-2023,S371,S372,146864,263144,559380,550550,2636072
2023,BrikalskiPats-2023,S371,S373,156071,235930,559380,556865,2636072
2023,BrikalskiPats-2023,S371,S374,161914,225766,559380,558075,2636072
2023,BrikalskiPats-2023,S371,S375,158956,235659,559380,570037,2636072
2023,BrikalskiPats-2023,S371,S376,169338,231345,559380,590205,2636072
2023,BrikalskiPats-2023,S372,S373,146612,250479,550550,556865,2636072
2023,BrikalskiPats-2023,S372,S374,144853,267690,550550,558075,2636072
2023,BrikalskiPats-2023,S372,S375,151782,249307,550550,570037,2636072
2023,BrikalskiPats-2023,S372,S376,169797,232836,550550,590205,2636072
2023,BrikalskiPats-2023,S373,S374,159798,237225,556865,558075,2636072
2023,BrikalskiPats-2023,S373,S375,152255,240047,556865,570037,2636072
2023,BrikalskiPats-2023,S373,S376,157963,237752,556865,590205,2636072
2023,BrikalskiPats-2023,S374,S375,154932,243294,558075,570037,2636072
2023,BrikalskiPats-2023,S374,S376,165850,234115,558075,590205,2636072
2023,BrikalskiPats-2023,S375,S376,178959,222982,570037,590205,2636072
2023,DaveBrilowski-2023,S386,S387,137347,254366,533152,529761,2636072
2023,DaveBrilowski-2023,S386,S388,150226,251311,533152,563165,2636072
2023,DaveBrilowski-2023,S386,S389,149290,249249,533152,564263,2636072
2023,DaveBrilowski-2023,S386,S390,150092,246461,533152,552715,2636072
2023,DaveBrilowski-2023,S386,S391,144391,235625,533152,546911,2636072
2023,DaveBrilowski-2023,S386,S392,149564,247631,533152,556704,2636072
2023,DaveBrilowski-2023,S387,S388,139133,275845,529761,563165,2636072
2023,DaveBrilowski-2023,S387,S389,147968,231948,529761,564263,2636072
2023,DaveBrilowski-2023,S387,S390,138027,264529,529761,552715,2636072
2023,DaveBrilowski-2023,S387,S391,144640,237798,529761,546911,2636072
2023,DaveBrilowski-2023,S387,S392,152865,238970,529761,556704,2636072
2023,DaveBrilowski-2023,S388,S389,149988,260402,563165,564263,2636072
2023,DaveBrilowski-2023,S388,S390,149821,257021,563165,552715,2636072
2023,DaveBrilowski-2023,S388,S391,148501,253859,563165,546911,2636072
2023,DaveBrilowski-2023,S388,S392,148293,262744,563165,556704,2636072
2023,DaveBrilowski-2023,S389,S390,157402,238882,564263,552715,2636072
2023,DaveBrilowski-2023,S389,S391,159178,224045,564263,546911,2636072
2023,DaveBrilowski-2023,S389,S392,152500,238800,564263,556704,2636072
2023,DaveBrilowski-2023,S390,S391,146133,246441,552715,546911,2636072
2023,DaveBrilowski-2023,S390,S392,155849,236345,552715,556704,2636072
2023,DaveBrilowski-2023,S391,S392,164590,222945,546911,556704,2636072
2023,Wysocki1129-2023,S418,S419,123750,229257,550287,445268,2636072
2023,Wysocki1129-2023,S418,S420,141924,230500,550287,496454,2636072
2023,Wysocki1129-2023,S418,S421,150477,243162,550287,569691,2636072
2023,Wysocki1129-2023,S418,S422,160796,236221,550287,568150,2636072
2023,Wysocki1129-2023,S418,S423,169335,213615,550287,540744,2636072
2023,Wysocki1129-2023,S418,S424,142765,257871,550287,569045,2636072
2023,Wysocki1129-2023,S419,S420,125485,227854,445268,496454,2636072
2023,Wysocki1129-2023,S419,S421,122677,298626,445268,569691,2636072
2023,Wysocki1129-2023,S419,S422,120128,228420,445268,568150,2636072
2023,Wysocki1129-2023,S419,S423,137948,199185,445268,540744,2636072
2023,Wysocki1129-2023,S419,S424,123470,287405,445268,569045,2636072
2023,Wysocki1129-2023,S420,S421,136493,279728,496454,569691,2636072
2023,Wysocki1129-2023,S420,S422,135440,243730,496454,568150,2636072
2023,Wysocki1129-2023,S420,S423,152390,210865,496454,540744,2636072
2023,Wysocki1129-2023,S420,S424,138156,267411,496454,569045,2636072
2023,Wysocki1129-2023,S421,S422,154684,248956,569691,568150,2636072
2023,Wysocki1129-2023,S421,S423,146758,267154,569691,540744,2636072
2023,Wysocki1129-2023,S421,S424,159089,241345,569691,569045,2636072
2023,Wysocki1129-2023,S422,S423,148788,229716,568150,540744,2636072
2023,Wysocki1129-2023,S422,S424,161658,238424,568150,569045,2636072
2023,Wysocki1129-2023,S423,S424,155649,248397,540744,569045,2636072
2023,Wedekind_3-2023,S442,S443,115987,263957,443935,536432,2636072
2023,Wedekind_3-2023,S442,S444,125183,259346,443935,541523,2636072
2023,Wedekind_3-2023,S442,S445,125708,248185,443935,560368,2636072
2023,Wedekind_3-2023,S442,S446,101242,255581,443935,451649,2636072
2023,Wedekind_3-2023,S442,S447,125587,268802,443935,557523,2636072
2023,Wedekind_3-2023,S442,S448,119101,257893,443935,535158,2636072
2023,Wedekind_3-2023,S443,S444,155926,234670,536432,541523,2636072
2023,Wedekind_3-2023,S443,S445,157579,224427,536432,560368,2636072
2023,Wedekind_3-2023,S443,S446,122098,249659,536432,451649,2636072
2023,Wedekind_3-2023,S443,S447,149488,251824,536432,557523,2636072
2023,Wedekind_3-2023,S443,S448,147256,244384,536432,535158,2636072
2023,Wedekind_3-2023,S444,S445,164724,229975,541523,560368,2636072
2023,Wedekind_3-2023,S444,S446,120476,239370,541523,451649,2636072
2023,Wedekind_3-2023,S444,S447,150883,251618,541523,557523,2636072
2023,Wedekind_3-2023,S444,S448,155423,235480,541523,535158,2636072
2023,Wedekind_3-2023,S445,S446,125674,230469,560368,451649,2636072
2023,Wedekind_3-2023,S445,S447,154898,242851,560368,557523,2636072
2023,Wedekind_3-2023,S445,S448,161730,225751,560368,535158,2636072
2023,Wedekind_3-2023,S446,S447,120684,267287,451649,557523,2636072
2023,Wedekind_3-2023,S446,S448,120697,228433,451649,535158,2636072
2023,Wedekind_3-2023,S447,S448,153414,249472,557523,535158,2636072
2023,Airport04-2023,S474,S475,152465,236138,547992,597750,2636072
2023,Airport04-2023,S474,S476,138384,246170,547992,530662,2636072
2023,Airport04-2023,S474,S477,133819,275742,547992,496866,2636072
2023,Airport04-2023,S474,S478,150377,240602,547992,549824,2636072
2023,Airport04-2023,S474,S479,142796,241314,547992,550875,2636072
2023,Airport04-2023,S474,S480,135948,258644,547992,486074,2636072
2023,Airport04-2023,S475,S476,160769,230295,597750,530662,2636072
2023,Airport04-2023,S475,S477,144127,211565,597750,496866,2636072
2023,Airport04-2023,S475,S478,195210,222657,597750,549824,2636072
2023,Airport04-2023,S475,S479,171067,221466,597750,550875,2636072
2023,Airport04-2023,S475,S480,151628,216331,597750,486074,2636072
2023,Airport04-2023,S476,S477,133331,248024,530662,496866,2636072
2023,Airport04-2023,S476,S478,157546,227914,530662,549824,2636072
2023,Airport04-2023,S476,S479,152451,232675,530662,550875,2636072
2023,Airport04-2023,S476,S480,132339,238722,530662,486074,2636072
2023,Airport04-2023,S477,S478,136140,253419,496866,549824,2636072
2023,Airport04-2023,S477,S479,134940,249613,496866,550875,2636072
2023,Airport04-2023,S477,S480,134158,211970,496866,486074,2636072
2023,Airport04-2023,S478,S479,159822,234236,549824,550875,2636072
2023,Airport04-2023,S478,S480,136436,218738,549824,486074,2636072
2023,Airport04-2023,S479,S480,131459,246598,550875,486074,2636072
