year,site,n,n_ind,median,mean,max,ge_3rd,ge_2nd,ge_1st,baseline_pct,n_snps
2015,Alsum140-2015,21,7,-0.3890709153926215,-0.3835775435295074,-0.28707272603352224,0,0,0,5.82773458141466,36878975
2015,Alsum25-2015,55,11,-0.3016739011193738,-0.24997359067112046,0.3055901295361044,2,2,1,68.45323469464785,36878975
2015,Arlington-2015,6,4,-0.29777291343704587,-0.297936450696527,-0.2714528221246969,0,0,0,71.85777911980071,36878975
2015,Arlington2015,1,2,-0.2769186390211408,-0.2769186390211408,-0.2769186390211408,0,0,0,87.55944742205783,36878975
2015,BrilowskiHome-2015,21,7,-0.3198232228217915,-0.32097385811249,-0.2834097161548287,0,0,0,49.24888654034876,36878975
2015,BrilowskiNE-2015,21,7,-0.3062001575233289,-0.3067823282266105,-0.23014668351245032,0,0,0,63.991847210689215,36878975
2015,C44-L15-2015,21,7,-0.2710535917086497,-0.2736618189230902,-0.22530100215811413,0,0,0,90.31478825394429,36878975
2015,C5-2015,21,7,-0.3199941943978088,-0.3348768834676344,-0.2796011578495456,0,0,0,49.06771344455348,36878975
2015,GarrisonNE-2015,21,7,-0.30822141449092133,-0.31226366902938923,-0.23421163903712622,0,0,0,61.84041669812033,36878975
2015,H10-2015,21,7,-0.32432622647439546,-0.3395586723956264,-0.26300162353670936,0,0,0,44.25152864799578,36878975
2015,H15-2015,28,8,-0.30162564449401863,-0.2993365199290817,-0.25284544750187327,0,0,0,68.49097908960519,36878975
2015,H41-2015,21,7,-0.3124869812227655,-0.3059581551793106,-0.2385976688937564,0,0,0,57.25069827130671,36878975
2015,H53-2015,171,19,-0.30740812241969406,-0.3066020104769697,-0.23719480790240163,0,0,0,62.716086661130824,36878975
2015,H67-2015,1,2,-0.35039765449568744,-0.35039765449568744,-0.35039765449568744,0,0,0,21.416169698799727,36878975
2015,Hesler-2015,21,7,-0.3244952550530829,-0.3276293176311934,-0.2948288006935978,0,0,0,44.01751339926021,36878975
2015,LaszSE-O14-2015,10,5,-0.3038204711863799,-0.31923868280966533,-0.26919126643441754,0,0,0,66.34709745602778,36878975
2015,Mortensen9-2015,10,5,-0.23923292668975515,-0.20887478563541867,-0.017185676817892372,0,0,0,97.65984751264438,36878975
2015,PFEast-2015,21,7,-0.3444495885029664,-0.3516174557414501,-0.31951971233506393,0,0,0,25.59069978108251,36878975
2015,Paramount257-2015,21,7,-0.2949271851788975,-0.29554926256247394,-0.2565888736642377,0,0,0,74.42439797690042,36878975
2015,Paramount528-2015,21,7,-0.26946308289561227,-0.2701930169949937,-0.21067994107181728,0,0,0,91.08477391107421,36878975
2015,Paramount652-2015,21,7,-0.31735235803880846,-0.3155864316122908,-0.2566839677916981,0,0,0,51.958934098286406,36878975
2015,Refuge-2015,28,8,-0.3140227796524322,-0.31904716992649684,-0.2865724593948214,0,0,0,55.58239601419189,36878975
2015,SilverValley-2015,10,5,-0.3530949556999685,-0.34004337679737223,-0.2927755089189256,0,0,0,19.71767192571903,36878975
2015,Wysocki122-2015,21,7,-0.31748963995989854,-0.3233776514802276,-0.27840107620069177,0,0,0,51.84570091341436,36878975
2019,Alsum18-2019,21,7,-0.30708325351010424,-0.3054012901263847,-0.2662895716993751,0,0,0,66.14147909967846,36829561
2019,Alsum59-2019,21,7,-0.361722827293942,-0.3989597264643,-0.27404908645970066,0,0,0,11.89710610932476,36829561
2019,Arlington-2019,21,7,-0.2997283302702344,-0.3127780243500557,-0.27339531784621157,0,0,0,74.26045016077171,36829561
2019,ColomaBonus-2019,21,7,-0.3124896510489245,-0.31149408504208326,-0.2456816922913837,0,0,0,60.0,36829561
2019,ColomaBonus4-2019,21,7,-0.3328901088754019,-0.3398892732533587,-0.2578652515363284,0,0,0,35.59485530546624,36829561
2019,ColomaLyons-2019,21,7,-0.31993554024062365,-0.31970108864602775,-0.27692766121763535,0,0,0,50.88424437299035,36829561
2019,OkrayGarrisonNE-2019,21,7,-0.3246509679364642,-0.3225891741946227,-0.2918032308691211,0,0,0,45.09646302250804,36829561
2019,OkrayGrosheks40-2019,21,7,-0.3049009946834498,-0.2434372234376512,0.09677740797682892,1,1,0,68.89067524115757,36829561
2019,OkrayPFWiper-2019,10,5,-0.3619351314033903,-0.3596277920635549,-0.32558140465425156,0,0,0,11.832797427652734,36829561
2019,OkrayRobacks-2019,21,7,-0.29220282803844855,-0.28214048513838674,-0.18072660224508685,0,0,0,81.86495176848875,36829561
2019,PloverBrikalskiPats-2019,21,7,-0.2977048349962215,-0.2979844018917796,-0.2786116727276354,0,0,0,76.2218649517685,36829561
2019,PloverDaveBrSE-2019,21,7,-0.30474816239368163,-0.3049895213746548,-0.2343946524024861,0,0,0,69.06752411575563,36829561
2019,Wysocki1129-2019,21,7,-0.29951228067547137,-0.29870163003339917,-0.26324775555606467,0,0,0,74.40514469453376,36829561
2019,Wysocki438-2019,21,7,-0.31939643768169884,-0.320428913379331,-0.2880459377318495,0,0,0,51.51125401929261,36829561
2019,Wysocki563-2019,21,7,-0.33074896148521793,-0.33074793178237943,-0.2788983139854727,0,0,0,37.60450160771704,36829561
2019,Wysocki570-2019,21,7,-0.3201059675578945,-0.32610969793372163,-0.2986420355550877,0,0,0,50.49839228295821,36829561
2019,XMASBig-2019,10,5,-0.3051327875735394,-0.3179104037578171,-0.2844080011486069,0,0,0,68.60128617363344,36829561
2023,Aartz-2023,10,5,-0.34213098796788555,-0.3393651951157771,-0.29856802938139315,0,0,0,26.771479185119574,37168287
2023,Airport04-2023,21,7,-0.29506340828562144,-0.2980631944495715,-0.2501647207753118,0,0,0,72.85208148804251,37168287
2023,Alsum18-2023,21,7,-0.21205584876416295,-0.22421464478378497,0.25602815924288314,1,1,1,96.09167404782994,37168287
2023,Alsum59-2023,21,7,-0.32558253790480574,-0.33011579712324324,-0.29885580048746585,0,0,0,41.895482728077944,37168287
2023,Arlington-2023,21,7,-0.3178469415971641,-0.31954773274364295,-0.28400887350373855,0,0,0,49.856067316209035,37168287
2023,BrikalskiPats-2023,21,7,-0.3148707595262782,-0.3164906971411325,-0.28228934796660143,0,0,0,53.00044286979628,37168287
2023,C44-L15-2023,21,7,-0.32281683207802403,-0.32415954794726737,-0.2803242978913086,0,0,0,44.5859167404783,37168287
2023,C5-2023,21,7,-0.3246860775715011,-0.3235865252057924,-0.2876835909776916,0,0,0,42.77015057573074,37168287
2023,DaveBrilowski-2023,21,7,-0.320625726090791,-0.31775011685584653,-0.28713958848779814,0,0,0,46.811337466784764,37168287
2023,Du-2023,21,7,-0.19349743008974418,-0.1960694912097018,-0.12297403784539335,0,0,0,97.34278122232064,37168287
2023,GarrisonNE-2023,21,7,-0.32796781693490457,-0.32712643625721355,-0.29891416856477016,0,0,0,39.703277236492475,37168287
2023,H10-2023,21,7,-0.31025703862931403,-0.31124290091584017,-0.24600877255792009,0,0,0,57.9273693534101,37168287
2023,H15-2023,21,7,-0.32123443557844455,-0.4469350203747706,-0.2669398593979929,0,0,0,46.191319751992914,37168287
2023,H41-2023,21,7,-0.6496350561476555,-0.7860121294944455,-0.2621435639302099,0,0,0,5.314437555358724,37168287
2023,H66-2023,55,11,-0.33372514977575596,-0.34917451473400246,-0.2599489911925903,0,0,0,34.12311780336581,37168287
2023,LaszSE-O14-2023,10,5,-0.31003077268900275,-0.30600976773807875,-0.2600041567112519,0,0,0,58.19309123117803,37168287
2023,OkrayGrosheks40-2023,21,7,-0.2963565945820064,-0.2914103110205711,-0.22282472386673385,0,0,0,71.84455270150576,37168287
2023,Wedekind_3-2023,21,7,-0.338276914855189,-0.3520528180075816,-0.29831058824468226,0,0,0,30.159433126660762,37168287
2023,Wysocki1129-2023,21,7,-0.31786608759229434,-0.31750647513817615,-0.27874965307931276,0,0,0,49.833923826395036,37168287
2023,XMASBig-2023,10,5,-0.30895484862363576,-0.3096351093426225,-0.286618983102633,0,0,0,59.33348095659876,37168287
